BrandName,ProductName,ProductCategory,Price,Description
"
Batteries & Atomizers",Grassroots battery ,Batteries & Atomizers,$5.00,510 Threaded auto draw no button or USB adapter. 
"
Batteries & Atomizers",Grassroots Battery w/ Button,Batteries & Atomizers,$10.00,"510 threaded battery with button, Comes with USB charging adapter "
"
Batteries & Atomizers",PAX Era Pro Device Black,Batteries & Atomizers,$60.00,One black battery with USB-C cable
"
Batteries & Atomizers",PAX Era Pro Device Grey,Batteries & Atomizers,$60.00,One Grey Battery with USB-C cable.
"
Batteries & Atomizers",Rainbow Rythm Battery,Batteries & Atomizers,$10.00,510 thread auto-draw Rythm battery with rainbow pattern. USB charging adapter included.
"
Batteries & Atomizers",Rythm Battery,Batteries & Atomizers,$10.00,"Auto draw, no button to press"
"
Dr. Solomon's",Dr. Solomon's 1:1 CBN:THC Capsules,Capsules,$62.00,"A pack of 20 capsules containing: THC 6.4mg CBN 6.8mg, CBD 0.4mg, THCa 0.7mg, THCV 0.1mg, CBDV 0.1mg, CBG 1.0g, CBC 0.1mg."
"
Dr. Solomon's",Dr. Solomon's CBD:THC 10:1 Capsules,Capsules,$62.00,"20 Capsules each containing: CBD 13mg, THC 1.3mg CBG 0.1mg, Terpineol 0.01%, Geraniol 0.02%, Neroidol 0.01%, aBisabolol 0.01%provide discreet delivery method and accurate dosing of premium cannabis."
"
Dr. Solomon's",Dr.Solomon's THC Rich 5mg Capsules (20pk),Capsules,$36.00,"A pack of 20 capsules: 5mg THC in each, 100mg THC total in package."
"
Grassroots",Grassroots RSO (10) 4:1 THC:CBN Capsules RSO,Capsules,$45.00,10 pack of 4:1 THC:CBN RSO Capsules
"
Grassroots",Grassroots RSO (10) 50mg THC Capsules RSO ,Capsules,$55.00,10 pack of 50mg RSO Capsules
"
Grassroots",Grassroots RSO (30) 10mg THC Capsules RSO,Capsules,$55.00,A 30 pack of 10mg RSO capsules.
"
Grassroots",Grassroots RSO CBD/THC 1:1 20mg Capsules RSO,Capsules,$35.00,ORIGINALLY PRICED AT $50!!!!A 10 pack of 10mg THC/10mg CBD capsules
"
Grassroots",Grassroots THC 100mg RSO Capsules ,Capsules,$95.00,10 pack of 100mg RSO Capsules
"
Liberty",Liberty Serenity RSO 10mg Indica Capsules,Capsules,$30.00,**ORIGINALLY PRICED AT $45!!** 20 pack of 10mg RSO capsules
"
Liberty",Liberty Serenity RSO 5mg Indica Capsules,Capsules,$20.00,**ORIGINALLY PRICED AT $30!!** 20 pack of 5mg RSO Capsules
"
Cartridges (Strane)",Strane Green Crack 0.5g Distillate Sativa Pax Pod ,Cartridges,$60.00,"!REQUIRES PAX POD DEVICE! IS NOT COMPATABLE WITH 5-10 TREAD BATTERY!THC 89.70%, CBD 0.20%, CBN 0.40%, CBG 3.20%, THCV 0.60%, CBC 1.0%Total Terpenes 3.10%b-Pinene: 0.03%, b-Myrcene: 0.17%, D-Limonene: 0.18%, Ocimene: 0.28%, Terpinolene: 0.08%, Linalool: 0.25%, b-Caryophyllene: 1.01%, a-Humulene: 0.41%, t-Neridol; 0.40%, b-Eudesmol 0.29%"
"
Cartridges (Strane)",Strane Lost Cause 0.5g Distillate Sativa Pax Pod,Cartridges,$60.00,"!REQUIRES PAX POD DEVICE! IS NOT COMPATABLE WITH 5-10 TREAD BATTERY!THC 86.40%, CBD 0.20%, CBN 0.40%, CBG 2.40%, THCV 0.30%, CBC 1.0%Total Terpenes 2.68%D-Limonene: 0.13%, Linalool: 0.21%, b-Caryophyllene: 1.21%, a-Humulene: 0.37%, t-Neridol; 0.42%, b-Eudesmol 0.34%"
"
Cartridges (Strane)",Strane Master Kush 0.5g Distillate Indica Pax Pod,Cartridges,$60.00,"!REQUIRES PAX POD DEVICE! IS NOT COMPATABLE WITH 5-10 TREAD BATTERY!THC 89.10%, CBD 0.20%, CBN 0.40%, CBG 2.30%, THCV 0.30%, CBC 0.90% Total Terpenes 2.53% b-Pinene: 0.02%, b-Myrcene: 0.16%, D-Limonene: 0.14%, Linalool: 0.28%, b-Caryophyllene: 0.87%, a-Humulene: 0.26%, t-Neridol; 0.47%, Caryophyllene oxide: 0.15%, b-Eudesmol: 0.18%"
"
Cartridges (Strane)",Strane Mendo Breath 0.5g Distillate Indica Pax Pod,Cartridges,$60.00,"!REQUIRES PAX POD DEVICE! IS NOT COMPATABLE WITH 5-10 TREAD BATTERY!THC 89.10%, CBD 0.20%, CBN 0.30%, CBG 2.30%, THCV 0.20%, CBC 1.0% Total Terpenes 3.55% b-Pinene: 0.03%, b-Myrcene: 0.13%, D-Limonene: 0.25%, Terpinolene: 0.10%, Linalool: 1.03%, b-Caryophyllene: 0.85%, a-Humulene: 0.23%, t-Neridol; 0.33%, b-Eudesmol 0.13%"
"
Vireo",Vireo Kosher Kush 0.5g Indica Cartridge,Cartridges,$50.00,"THC: 74.54%, CBD: 4.07%, CBN: 2.48%, CBDv 0.12%,CBG: 3.31%, D8 THC: 1.02%, THCV: 0.55%, CBC: 0.79%. a-Pinene: 0.17%, b-Pinene: 0.69%, Myrcene: 0.69%, Limonene: 0.7%, Terpinolene: 0%, Linalool 0.2%, Caryophyllene: 0.51%, Humulene: 0.23%, Eudesmol: 0.09%, Caryophyllene Oxide: 0.08%"
"
Vireo",Vireo Lamb's Bread 0.5g Sativa Cartridge,Cartridges,$50.00,"A 500mg Sativa Vape CartridgeTHC: 71.77%, CBD: 3.92%,CBN: 2.46%,CBG: 2.93%,delta-8THC 0.83%, THCV 0.6% CBC: 0.58%,a-Pinene: 0.13%, b-Pinene: 0.26%, Myrcene: 2.29%, Limonene: 0.61%, Terpinolene: 0.56%, Linalool: 0.21%, Caryophyllene: 0.49%, Humulene: 0.15%, Caryophyllene Oxide: 0.06%, Ocimene 0.02%, "
"
Vireo",Vireo Maui Jack 0.5g Sativa Cartridge,Cartridges,$50.00,"THC: 73.56%, CBD: 3.96%, CBN: 2.48%, CBG: 2.95%, THCV: 0.71%, CBC: 0.58%, delta8THC 0.84%, a-Pinene: 0.16%, b-Pinene: 0.25%, B-Myrcene: 0.36%, Limonene: 0%, Ocimene 0.08%, Terpinolene: 2.27%, Linalool: 0.03%, B-Caryophyllene: 0.32%, A-Humulene: 0.09%, trans-Nerolidol: 0.00%, Caryophyllene Oxide: 0.07%"
"
Vireo",Vireo Northern Lights 0.5g Indica Cartridge,Cartridges,$50.00,"Cannabinoids; THC: 77.80%, CBD: 3.78%, CBN: 1.31%, CBG: 2.23%, THCV: 0.65%, 8-THC: .75%, THCv: .65% CBC: 0.78%, Terpenes: a-Pinene: 0.10%, b-Pinene: 0.14%, b-Myrcene: 0.83%%, Limonene: 0.39%, Ocimene: 0.09%, Terpinolene: 0.03%, Linalool: 0.36%, b-Caryophyllene: 0.49%, Humulene: 0.14%, Caryophyllene Oxide: 0.03%"
"
Vireo",Vireo Skunk #1 0.5g Hybrid Cartridges ,Cartridges,$50.00,A 500mg Hybrid Vape Cartridge
"
Vireo",Vireo White Widow 0.5g Hybrid Cartridge,Cartridges,$50.00,"Cannabinoids: THC: 76.47%, CBD: 3.55%, CBN: 1.36%, CBG; 1.98%, D8 THC: 0.76%, CBC: 0.92%. Terpenes;a-Pinene: 0.21%, b-Pinene: 0.15%, Myrcene: 0.57%, Limonene: 0.92%,Linalool: 0.25%, Caryophyllene: 0.23%, Humulene: 0.07%, b-Eudesmol; 0.13%, Caryophyllene oxide; 0.11%"
"
Rythm",Rythm Banana Cookies 1g Hybrid Cartridge,Cartridges,$90.00,"Cannabinoids:THC 78.60%, THCV 0.90%, CBG 1.80% CBN 0.90%, CBC 0.60%, CBD 0.20%.Total Terpenes: 5.33%a-Pinene 0.19%, b-Pinene 0.20%, b-Myrcene 0.62%, Limonene 0.88%, Ocimene 0.13%, Terpinolene 0.10%, Fenchone 0.09%, Linalool 0.42%, Fenchol 0.22%,Terpineol 0.24%, b-Caryophyllene 1.32%, a-Humulene 0.44%, Caryophyllene oxide 0.11%, Guaiol 0.09%, beta-Eudesmol 0.14%, alpha-Bisabolol 0.14% "
"
Rythm",Rythm Banana Cookies 500mg Hybrid Pax Pod,Cartridges,$60.00,"Cannabinoids:THC 71.55%, THCa 0.77%, THCV 0.34%, CBG 1.94%, CBC 0.89%, CBN 0.55%, CBD 0.12% Total Terpenes: 6.23% a-Pinene 0.09%, b-Pinene 0.17%, b-Myrcene 0.78%, Limonene 1.32%, Eucalyptol 0.07%, Terpinolene 0.05%,Linolool 0.44%, Fenchol 0.17%, Terpineol 0.22%, beta-Caryophyllene 1.66%,alpha-Humulene 0.63%, Caryophyllene oxide 0.08%, Guaiol 0.15%,beta-Eudesmol 0.17%, alpha-Bisabolol: 0.23%"
"
Rythm",Rythm Black Afghan 0.5g Indica Cartridge,Cartridges,$50.00,"Cannabinoids: THC: 78.73%, THCa: 1.10%, THCV: 5.71%, CBG: 2.26%, CBGa: 1.34%, CBC: 0.84%, CBN: 0.45%Terpenes: a-Pinene: 0.46%, b-Pinene: 0.17%, Limonene: 0.40%, Ocimene: 0.65%, Terpinolene: 0.09%, Linalool: 0.52%, Fenchol: 0.14%, Terpineol: 0.34%, Nerol: 0.41%, beta-Caryophyllene: 2.04%, a-Humulene: 0.65%, beta-eudesmol: 0.17%, alpha-Bisabolol: 0.38% "
"
Rythm",Rythm Black Afghan 500mg Indica Pax Pod ,Cartridges,$60.00,"Cannabinoids: THC: 77.22%, THCa: 0.56%, CBD 0.16%%, CBG: 2.47%, CBGa: 1.34%, CBC: 1.05%, CBN: 0.61% , CBDv 0.21%, Terpenes: a-Pinene: 0.57%, b-Pinene: 0.21%, Limonene: 0.35%, Ocimene: 0.89%, Terpinolene: 0.2%, Linalool: 0.54%, Fenchol: 0.16%, Terpineol: 0.36%, Nerol: 0.41%, beta-Caryophyllene: 2.5%, a-Humulene: 0.84%, beta-eudesmol: 0.39%, alpha-Bisabolol: 0.56%, Caryophyllene Oxide 0.2%, Guaiol 0.35%"
"
Rythm",Rythm Blue Coral 0.5g Indica Cartridge,Cartridges,$50.00,"Cannabinoids: THC: 81.65%, THCa: 0.56%, THCV: 0.48%, CBG: 2.16%, CBC: 0.93%, CBN: 0.65%, CBD: 0.11%Terpenes: beta-Pinene: 0.02%, beta-Myrcene: 0.37%, Limonene: 0.22%, Eucalyptol: 0.08%, Terpinolene: 0.05%, Linalool: 0.28%, Fenchol: 0.08%, Terpineol: 0.18%, beta-Caryophyllene: 0.63%, alpha-Humulene: 0.47%, Caryophyllene oxide: 0.09%, Guaiol: 0.25%, beta-Eudesmol: 0.27%, alpha-Bisabolol: 0.22%"
"
Rythm",Rythm Bodega Bubblegum 500mg Hybrid Cartridge,Cartridges,$50.00,"Cannabinoids: THC 77.33%, CBG 2.25%, CBN: 1.15%, CBC 0.61%Total Terpenes: 6.93%alpha-Pinene 0.05%, beta-Pinene 0.11%, beta-Myrcene 1.98%, Limonene 0.60%, Ocimene 0.26%, Terpinolene 0.05%, Linalool 0.29%, Fenchol 0.13%, Terpineol: 0.27%, Nerol 0.29%, beta-Caryophyllene 1.03%, alpha-Humulene 0.47%, Valencene 0.29%, Guaiol 0.37%, beta-Eudesmol: 0.38%, alpha-Bisabolol: 0.36%"
"
Rythm",Rythm Citrus Tsunami 1000mg Sativa Cartridge,Cartridges,$90.00,"Cannabinoids:THC: 75.30%, THCa: 0.80%, THCV: 0.70%, CBG: 3.10%, CBC: 1.10%, CBN: 0.40%, CBD: 0.10%. Total Terpenes: 5.07%alpha-Pinene: 0.09%, beta-Pinene: 0.13%, beta-Myrcene: 0.21%, Limonene: 0.58%, Ocimene: 0.21%, gamma-Terpinene: 0.14%, Terpinolene: 0.12%, Linalool: 0.56%, Fenchol: 0.18%, Terpineol: 0.25%, beta-Caryophyllene: 0.96%, alpha-Humulene: 0.39, cis-Nerolidol: 0.29%, beta-eudesmol: 0.23%, alpha-Bisabolol: 0.26%"
"
Rythm",Rythm Citrus Tsunami#9 Pax Pod 500mg Sativa Cartridge,Cartridges,$60.00,"***Requires PAX Era Pro Device*** Not compatible with 510 thread***Cannabinoids: THC 78.06%, THCV: 0.49%, CBG 2.44%, CBC: 1.06%, CBN 0.68% Terpenes: alpha-Pinene 0.05%, beta-Pinene 0.12%, beta-Myrcene 0.40%, Limonene 0.93%, Ocimene 0.33%, Terpinolene 0.10%, Linalool 0.67%, Fenchol 0.14%, Terpineol: 0.31%, Nerol: 0.47%, Geraniol: 0.74%, beta-Caryophyllene 1.21%, alpha-Humulene 0.37%, cis-Nerolidol: 0.20%, beta-Eudesmol: 0.20%, alpha-Bisabolol: 0.25%"
"
Rythm",Rythm Cookie Face 500mg Indica Cartridge,Cartridges,$50.00,"Cannabinoids: THC 74.70%, THCa 2.30%, CBC 1.40% CBG 1.30%, CBN 0.40%, CBD 0.20%, CBDV 0.10% Terpenes: alpha-Pinene 0.13%, beta-Pinene 0.20%, beta-Myrcene 0.45%, Limonene 0.99%, Ocimene 0.23%, Terpinolene 0.07%, Linalool 0.54%, Fenchol 0.28%, Borneol 0.04%, Terpineol 0.39%, beta-Caryophyllene 2.76%, alpha-Humulene 0.88%, beta-Eudesmol 0.15%, alpha-Bisabolol 0.42%"
"
Rythm",Rythm Cookie Face 500mg Indica Pax Pod,Cartridges,$60.00,"Cannabinoids:THC 71.06%, THCV 0.99%, THaV 0.55%, CBG 1.36%, CBG 1.00%, CBC 1.00%, CBN 0.67%. Total Terpenes: 6.15% a-Pinene 0.09%, Camphene 0.07%, b-Pinene 0.17%, b-Myrcene 0.31%, Limonene 0.99%, Linalool 0.46%, Fenchol 0.20%, Camphor 0.07%, Terpineol 0.31%, beta-Caryophyllene 1.94%,alpha-Humulene 0.72%, Guaiol 0.23%,beta-Eudesmol 0.24%, alpha-Bisabolol: 0.35%"
"
Rythm",Rythm Durban Thai x Cindy 99 500mg Sativa Cartridge,Cartridges,$50.00,"Cannabinoids:THC: 71.39%,THCa 0.45%, THCV 0.13%, CBG 1.98%, CBN 0.93%, CBC: 0.86%. Total Terpenes: 4.83%a-Pinene: 0.80%, Camphene: 0.07%, b-Pinene: 0.29%, b-Myrcene: 0.48%, Limonene: 0.28%, Fenchone: 0.02%, Linalool: 0.32%, Terpineol: 0.19%, b-Caryophyllene: 0.72%, a-Humulene: 0.47%, Valencene: 0.31%, Guaiol: 0.26%, b-Eudesmol: 0.24%, a-Bisabolol: 0.29%"
"
Rythm",Rythm Fluffhead 0.5g Hybrid Cartridge,Cartridges,$50.00,"Cannabinoids: THC: 78.60%, THCa: 0.60%, CBG: 2.30%, CBC: 0.90%, THCv: 0.20%, CBN: 0.50% CBDV 0.10%Total Terpenes: 5.80%,a-Pinene: 0.07%, b-Pinene: 0.15%, b-Myrcene: 0.35%, D-Limonene: 0.72%, Ocimene: 0.12%, Terpinolene: 0.13%, Linalool: 0.87%, Fenchol: 0.26%, Borneol 0.11%, Terpineol: 0.34%, Caryophyllene: 1.38%, Humulene: 0.53%, Caryophyllene oxide 0.15%, b-Eudesmol 0.17%, a-Bisabolol 0.45% "
"
Rythm",Rythm Fluffhead 1g Hybrid Cartridge,Cartridges,$90.00,"THC: 76.20%, THCV: 0.71%, CBG: 1.98%, CBC: 0.81%, CBN: 0.94%, CBD 0.12%a-Pinene: 0.05%, b-Pinene: 0.12%, Myrcene: 0.28%, Limonene: 0.77%, Eucalyptol 0.08%, Ocimene: 0.08%, Terpinolene: 0.05%, Linalool: 0.69%, Fenchol: 0.18%, Camphor 0.07%, Terpineol: 0.29%, Nerol: 0.15%, Caryophyllene: 0.99%, Humulene: 0.55%, Eudesmol: 0.21%, Bisbolol: 0.30%, Guaiol 0.19%"
"
Rythm",Rythm Fluffhead 500mg Hybrid Pax Pod,Cartridges,$60.00,"***Requires PAX Era Pro Device*** Not compatible with 510 thread***Cannabinoids: THC 81.51%, THCV: 0.56%, CBG 1.55%, CBC: 0.89%, CBN 0.42%Terpenes: alpha-Pinene 0.07%, beta-Pinene 0.15%, beta-Myrcene 0.44%, Limonene 0.77%, Ocimene 0.32%, Terpinolene 0.09%, Fenchone 0.04%, Linalool 0.98%, Fenchol 0.23%, Camphor: 0.04%, Terpineol: 0.36%, beta-Caryophyllene 1.94%, alpha-Humulene 0.66%, trans-Nerolidol: 0.46%, beta-Eudesmol: 0.22%, alpha-Bisabolol: 0.29%"
"
Rythm",Rythm Fruitcake 1g Indica Cartridge,Cartridges,$90.00,"Cannabinoids:THC 76.07%, CBG 2.11% CBC 0.78%, CBN 0.60%,Total Terpenes: 8.90%a-Pinene 0.54%, Camphene: 0.07%, b-Pinene 0.33%, b-Myrcene 3.24%, Limonene 0.98%, Linalool 0.46%, Fenchol 0.20%, Camphor 0.08%, Terpineol 0.32%, b-Caryophyllene 1.01%, a-Humulene 0.52%, cis-Nerolidol 0.29%, Guaiol 0.29%, beta-Eudesmol 0.27%, alpha-Bisabolol 0.30% "
"
Rythm",Rythm Grape Stomper Pax Pod 500mg Sativa Cartridge ,Cartridges,$60.00,"***Requires PAX Era Pro Device*** Not compatible with 510 thread***Cannabinoids:THC: 74.90%, THCa: 0.80%, CBG: 3.70%. CBC: 0.90%, CBN: 0.70%.Terpenes: a-Pinene: 0.08%, b-Pinene: 0.13%, Myrcene: 2.40%, Limonene: 0.46%, Ocimene 0.37%, Terpinolene: 0.13%, Fenchone: 0.11%, Linalool: 0.45%, Fenchol: 0.20%, Terpineol: 0.23%, beta-Caryophyllene: 0.83%, alpha-Humulene: 0.35%, Caryophyllene oxide: 0.15%, Guaiol: 0.22%, beta-Eudesmol: 0.29%, alpha-Bisabolol: 0.27%. "
"
Rythm",Rythm Island OG#12 0.5g Hybrid Cartridge ,Cartridges,$50.00,"THC: 74.90%, THCa: 0.55%, THCv: 0.33%, CBG: 1.62%, CBC: 0.94%, CBN: 0.55%. a-Pinene: 0.07%, b-Pinene: 0.14%, Myrcene: 0.49%, Limonene: 0.92%, Ocimene: 0.25%, Terpinolene: 0.09%, Fenchone: 0.03%, Linalool: 0.72%, Fenchol: 0.17%, Terpineol: 0.29%, beta-Caryophyllene: 2.42%, alpha-Humulene: 0.32%, trans-Nerolidol: 0.40%, beta-Eudesmol: 0.14%, alpha-Bisabolol: 0.26%"
"
Rythm",Rythm Jack White 500mg Sativa Cartridge,Cartridges,$50.00,"Cannabinoids: THC 76.45%, THCa 0.60%, CBG 2.83% CBC 0.77%, CBN 0.62%Terpenes: alpha-Pinene 0.16%, beta-Pinene 0.23%, beta-Myrcene 0.70%, Limonene 1.33%, Ocimene 0.52%, Terpinolene 0.10%, Linalool 0.21%, Fenchol 0.26%,Terpineol 0.37%, beta-Caryophyllene 2.60%, alpha-Humulene 0.73%, Caryophyllene oxide 0.29%, Guaiol 0.10%, beta-Eudesmol 0.16%, alpha-Bisabolol 0.22%"
"
Rythm",Rythm Jilly Bean 500mg Sativa Cartridge,Cartridges,$50.00,"Cannabinoids: THC 75.70%, THCa 1.30%, THCV 0.60%, CBG 3.20% CBC 1.00%, CBN 0.80%, CBD 0.10%,Terpenes: alpha-Pinene 0.11%, beta-Pinene 0.08%, beta-Myrcene 0.28%, Limonene 0.16%, Ocimene 0.19%, Terpinolene 0.25%, Linalool 0.12%, Terpineol 0.16%, beta-Caryophyllene 0.63%, alpha-Humulene 0.19%, trans-Nerolidol 0.24%, Caryophyllene oxide 0.12%, Guaiol 0.15%, beta-Eudesmol 0.21%, alpha-Bisabolol 0.18%"
"
Rythm",Rythm Lemon Meringue .5g Sativa Cartridge,Cartridges,$50.00,"Cannabinoids:THC 75.25%, THCv 1.46%, THCa 1.43%, CBG 2.52%, CBC 0.9%, CBN 0.58%, CBD 0.17%Terpenes:aPinene 0.04%, bPinene 0.08%, bMyrcene 0.14%, Limonene 0.5%, Terpinolene 0.23%, Linalool 0.19%, Fenchol 0.09%, Terpineol 0.12%, bCaryophyllene 1.29%, aHumulene 0.52%, transNerolidol 0.34%, Guaiol 0.23%, bEudesmol 0.26%, aBisabolol 0.22%"
"
Rythm",Rythm Lemon Skunk 500mg Sativa Cartridge,Cartridges,$50.00,"Cannabinoids: THC 76.12%, THCa 0.42%, CBG 3.22%, CBC 0.90%, CBN 0.87%,Total Terpenes: 5.55% a-Pinene: 0.09%, b_pinene: 0.16%, Myrcene: 0.28%, Limonene: 0.29%, Ocimene: 0.38%, Terpinolene: 1.01%, Linalool: 0.15%, Terpineol: 0.20%, Caryophyllene: 1.45%, Humulene: 0.57%, cis-Nerolidol: 0.15%, t-Nerolidol: 0.33%, Caryophyllene Oxide: 0.12%, b-Eudesmol: 0.14%, a-Bisabolol: 0.15%"
"
Rythm",Rythm Mimosa 0.5g Sativa Cartridge,Cartridges,$50.00,"Cannabinoids: THC 79.30%, THCV 0.20%, CBG 3.10%, CBC 0.80%, CBN 0.50%, Total Terpenes: 8.93%a-Pinene 0.46%, b-Pinene 0.35%, Myrcene 0.80%, Limonene 1.54%,Ocimene 0.42%, Terpinolene 0.15%, Fenchone 0.10%, Linalool 0.31%, Fenchol 0.29%, Terpineol 0.45%, Nerol 0.35%, Geraniol 0.62%,b-Caryophyllene 1.34%, a-Humulene 0.48%, Guaiol: 0.46%, b-Eudesmol: 0.45%, a-Bisabolol: 0.36%, "
"
Rythm",Rythm Mimosa 1g Sativa Cartridge ,Cartridges,$90.00,"THC: 72.70%, THCa: 0.90%, CBN: 0.40%, CBC: 1.00% CBG: 2.70%, a-Pinene: 0.54%, b-Pinene: 0.38%, Myrcene: 1.31%, Ocimene: 0.48%, Terpinolene: 0.14%, Linolool: 0.26%, Terpineol: 0.32%, Caryophyllene: 1.69%, Humulene: 0.50%"
"
Rythm",Rythm OG Story 0.5g Indica Cartridge,Cartridges,$50.00,"RelaxTHC 73.20%, CBN 0.50%, CBD 0.10%, CBG 1.90%.a-Pinene 0.12%, b-Pinene 0.16%, Myrcene 1.13%, Limonene 0.80%, Ocimene 0.09%, Terpinolene 0.08%, Linolool 0.47%, Caryophyllene 2.07%, Humulene 0.54%."
"
Rythm",Rythm OG Story 1g Indica Cartridge,Cartridges,$90.00,"Cannabinoids: THC: 76.80%, THCa: 0.50%, THCV: 0.30%. CBG: 2.20%, CBC: 0.90%, CBN: 0.50%, CBD: 0.10%.Terpenes: a-Pinene: 0.12%, b-Pinene: 0.18%, b-Myrcene: 0.95%, Limonene: 0.78%, Ocimene: 0.14%, Terpinolene: 0.09%, Linalool: 0.59%, Fenchol: 0.24%, Terpineol: 0.35%, Nerol: 0.21%, beta-Caryophyllene: 1.39%, alpha-Humulene: 0.47%, Valencene: 0.24%, trans-Nerolidol: 0.33%,beta- eudesmol: 0.11%, alpha-Bisabolol: 0.28%"
"
Rythm",Rythm OG Story Indica 500mg Pax Pod,Cartridges,$60.00,"***Requires PAX Era Pro Device*** Not compatible with 510 thread***Cannabinoids:THC 74.80%,THCa 3.10%, CBG 1.80%, CBC: 1.0%,CBN 0.30%, CBD 0.10%Terpenes: a-Pinene 0.25%, beta-Pinene 0.27%, beta-Myrcene 1.11%, Limonene 1.10%, Ocimene 0.16%, Terpinolene 0.12%, Fenchone 0.12%, Linalool 0.66%, Fenchol 0.32%, Camphor: 0.09%, Borneol: 0.08%, Terpineol: 0.39%, beta-Caryophyllene 1.80%, alpha-Humulene 0.65%, beta-Eudesmol: 0.20%, alpha-Bisabolol: 0.26%"
"
Rythm",Rythm Phantom Cookies 1g Hybrid Cartridge ,Cartridges,$90.00,"THC: 76.81%, THCa: 1.33%, CBG: 2.64%, CBC: 0.7%,CBN: 0.50%, CBD 0.11% a-Pinene: 0.58%, b-Pinene: 0.30%, Myrcene: 2.45%, Limonene: 0.72%, Ocimene: 0.33%, Terpinolene: 0.14%, Linalool: 0.36%, Terpineol 0.35%, Nerol 0.3%, Caryophyllene: 0.86%, Humulene: 0.33%, Valencene 0.23%, transNeroidol 0.44%, Guiaol 0.28%, bEudesmol 0.25%, aBisabolol 0.25%"
"
Rythm",Rythm Tahoe Alien 1g Sativa Cartridge,Cartridges,$90.00,"THC: 77.50%, THCa: 1.10% THCV: 0.30%, CBG: 3.10%, CBC: 0.90%, CBN: 0.70%. a-Pinene: 0.14%, b-Pinene: 0.19%, Myrcene: 0.58%, Limonene: 1.54%, Ocimene: 0.12%, Terpinolene: 0.09%, Linalool: 0.36%, Fenchol: 0.17%, Terpineol: 0.17%, beta-Caryophyllene: 1.79%, alpha-Humulene: 0.58%, cis-Nerolidol: 0.14%, Guaiol: 0.17%, beta-Eudesmol: 0.22%, alpha-Bisabolol: 0.18%"
"
Rythm",Rythm Tahoe Alien 500mg Sativa Pax Pod ,Cartridges,$60.00,"THC 71.9%, THCa 3.52%, THCv 0.73%, CBG 1.93%, CBC 0.96%, CBN 0.59%, aPinene 0.15%, bPinene 0.22%, bMyrcene 0.76%,Limonene 1.38%, Ocimene 0.31%, Terpinolene 0.21%, Fenchone 0.11%, Linolool 0.71%, Fenchol 0.24%, Terpineol 0.41%, bCaryophyllene 2.25%, aHumulene 0.71%, Guaiol 0.42%, bEudesmol 0.42%, aBisabolol 0.44%"
"
Rythm",Rythm Tha Melon 1g Hybrid Cartridge ,Cartridges,$90.00,"Cannabinoids: THC 79.14%, CBG 2.35%, CBC 1.03%, CBN 0.67%. Terpenes: alpha-Pinene 0.13%, beta-Pinene 0.24%, Limonene 1.89%, Ocimene 0.25%, Terpinolene 0.10%, Fenchone 0.06%, Linalool 0.86%, Fenchol 0.29%, Borneol: 0.07%, Terpineol 0.50%, Nerol: 0.38%, Geraniol acetate 0.37%, beta-Caryophyllene 1.61%, alpha-Humulene 0.48%, beta-Eudesmol 0.11%, alpha-Bisabolol 0.33%"
"
Rythm",Rythm The Guice 500mg Hybrid Cartridge,Cartridges,$50.00,"Cannabinoids: THC 80.4%, THCa 1.8%, CBG 2.2%, CBC: 0.7%, CBN 0.4%Total Terpenes: 6.22% alpha-Pinene 0.17%, beta-Pinene 0.18%, beta-Myrcene 0.34%, Limonene 0.26%, Ocimene 0.18%, gamma-Terpinene: 0.13%, Terpinolene 0.80%, Linalool 0.27%, Fenchol 0.20%, Terpineol: 0.28%, beta-Caryophyllene 1.95%, alpha-Humulene 0.66%, Caryophyllene oxide: 0.17%, Cedrol: 0.14%, beta-Eudesmol: 0.19%, alpha-Bisabolol: 0.30%"
"
Rythm",Rythm Wounded Warrior's Breath 0.5g Hybrid Cartridge,Cartridges,$50.00,"Cannabinoids: THC: 69.56%, THCa: 1.02%, THCV: 0.49%, CBG: 2.03%, CBC: 0.79%, CBN: 0.73%Terpenes: alpha-Pinene: 0.13%, beta-Pinene: 0.23%, beta-Myrcene: 0.55%, Limonene: 1.67%, Ocimene: 0.16%, Terpinolene: 0.07%, Linalool: 0.55%, Fenchol: 0.28%, Terpineol: 0.33%, beta-Caryophyllene: 1.57%, alpha-Humulene: 0.77%, Caryophyllene oxide: 0.13%, Guaiol: 0.36%, beta-Eudesmol: 0.36%, alpha-Bisabolol: 0.29%"
"
Rythm",Rythm Yeti OG x Blue and Cream 1g Indica Cartridge,Cartridges,$90.00,"Cannabinoids: THC: 75.23%, THCa: 1.13%, THCV: 0.81%, CBG: 1.89%, CBDv0.21%, CBC: 0.96%, CBN: 0.53% Terpenes: a-Pinene: 0.34%, b-Pinene: 0.29%, Myrcene 0.78%, Limonene: 1.34%, Ocimene: 0.3%, Terpinolene: 0.2%, Linalool: 0.58%, Fenchol: 0.34%, Terpineol: 0.52%, beta-Caryophyllene: 0.95%, a-Humulene: 0.41%, Guaiol 0.27%, , beta-eudesmol: 0.24%, alpha-Bisabolol: 0.45%"
"
Curio",Curio Blue Dream 0.6ml Hybrid Cartridge,Cartridges,$55.00,"Cannabinoids:THC: 78.60%, CBG: 1.30%Total Terpenes: 6.66%a-Pinene: 0.20%, b-Pinene: 0.30%, Myrcene: 0.60%, Ocimene: 0.50%, Terpinolene: 3.30%, Limonene: 0.70%, Linalool: 0.30%,Caryophyllene: 0.50%, Humulene: 0.30%, t-Nerolidol: 0.00% "
"
Curio",Curio Chocolate Mint OG 0.6ml Hybrid Cartridge,Cartridges,$55.00,"Cannabinoids: Delta9-THC: 74.50%.Total Terpenes: 5.52%a-Pinene: 0.10%, b-Pinene: 0.10%, Myrcene: 0.40%, Ocimene: 0.30%, Terpinolene: 0.10%, Limonene: 1.50%, Linalool: 1.40%, b-Caryophyllene: 1.20%, a-Humulene: 0.40%, trans-Nerolidol: 0%"
"
Curio",Curio Chocolate Orange Cream 0.6ml Hybrid Cartridge ,Cartridges,$55.00,"Cannabinoids: Delta9-THC: 83.4%, Total Terpenes: 4.82%a-Pinene: 0.00%, Myrcene: 0.10%, Ocimene: 0.00%, Terpinolene: 0.10%, Limonene: 0.30%, Linalool: 0.70%, b-Caryophyllene: 2.60%, a-Humulene: 0.80%, trans-Nerolidol: 0.00%"
"
Curio",Curio Dead Head OG 0.6ml Hybrid Cartridge ,Cartridges,$55.00,"Cannabinoids:THC: 79.90%, CBG: 1.80%Total Terpenes: 7.34%a-Pinene: 1.60%, b-Pinene: 0.40%, Myrcene: 2.30%, Ocimene: 0.40%, Terpinolene: 0.10%, Limonene: 0.70%, Linalool: 0.30%, Caryophyllene: 0.90%, Humulene: 0.40%, t-Nerolidol: 0.00%"
"
Curio",Curio DSCT 0.6ml Hybrid Cartridge,Cartridges,$55.00,"Cannabinoids:Delta9-THC: 80.50% CBG: 1.60%Total Terpenes: 8.51%a-Pinene: 0.20%, b-Pinene: 0.10%, Myrcene: 3.80%, Ocimene: 1.20%, Terpinolene: 0.10%, Limonene: 0.40%, Linalool: 1.10%, b-Caryophyllene: 1.20%, a-Humulene: 0.30%, t-Nerolidol: 0.00%"
"
Curio",Curio GG4 0.6ml Hybrid Vape Cartridge,Cartridges,$55.00,"Cannabinoids:THC: 84.10%, CBG: 1.70%Total Terpenes: 4.45%a-Pinene: 0.00%, b-Pinene: 0.10%, Myrcene: 0.50%, Ocimene: 0.00%, Terpinolene: 0.10%, Limonene: 0.70%, Linalool: 0.30%,Caryophyllene: 2.20%, Humulene: 0.50%, t-Nerolidol: 0.00% "
"
Curio",Curio Goji OG 0.6ml Hybrid Cartridge,Cartridges,$55.00,"Cannabinoids: Delta9-THC: 81.30%,Total Terpenes: 5.45%a-Pinene: 0.20%, b-Pinene: 0.30%, Myrcene: 0.70%, Ocimene: 0.20%, Terpinolene: 0.10%, Limonene: 2.60%, Linalool: 0.60%, b-Caryophyllene: 0.30%, a-Humulene: 0.20%, trans-Nerolidol: 0.00%"
"
Curio",Curio Green Crack CBD 0.6ml Cartridge,Cartridges,$55.00,"THC: 67.60%, CBD: 12.90%, a-Pinene: 0.10%, b-Pinene: 0.20%, b-Myrcene: 0.70%, Ocimene: 0.20%, Limonene: 1.10%, Terpinolene: 0.90%, b-Caryophyllene: 0.90%, Linalool: 0.50%, a-Humulene: 0.30%, t-Nerolidol: 0.00%"
"
Curio",Curio Guice 0.6ml Hybrid Cartridge,Cartridges,$55.00,"THC: 78.70%, a-Pinene: 0.20%, b-Pinene: 0.30%, Myrcene: 0.70%, Ocimene: 0.20%, Terpinolene: 2.0%, LImonene: 0.40%, Linalool: 0.30%, Caryophyllene: 0.80%, Humulene: 0.30%, Nerolidol: 0.0%"
"
Curio",Curio Sour Gorilla 0.6ml Hybrid Cartridge,Cartridges,$55.00,"Cannabinoids: Delta9-THC: 82.2%Total Terpenes: 5.59%a-Pinene: 0.40%, b-Pinene: 0.10%, Myrcene: 2.8%, Ocimene: 0.70%, Terpinolene: 0.10%, Limonene: 0.30%, Linalool: 0.40%, b-Caryophyllene: 0.50%, a-Humulene: 0.20%, trans-Nerolidol: 0%"
"
Curio",Curio Strawberry Aurora 0.6ml Hybrid Cartridge ,Cartridges,$55.00,"Cannabinoids:THC: 78.20%, CBG: 1.70%Total Terpenes: 3.74%a-Pinene: 0.10%, b-Pinene: 0.10%, Myrcene: 0.80%, Ocimene: 0.00%, Terpinolene: 0.10%, Limonene: 0.80%, Linalool: 0.20%, b-Caryophyllene: 1.00%, a-Humulene: 0.40%, t-Nerolidol: 0.00% "
"
Curio",Curio Wizard Gum 0.6ml Hybrid Cartridge,Cartridges,$50.00,"Cannabinoids: Delta9-THC: 77.50% CBG: 1.50% Total Terpenes: 6.51%a-Pinene: 0.10%, b-Pinene: 0.10%, Myrcene: 1.70%, Ocimene: 0.30%, Terpinolene: 0.20%, Limonene: 0.70%, Linalool: 0.60%, b-Caryophyllene: 2.00%, a-Humulene: 0.50%, trans-Nerolidol: 0%"
"
Cresco",Cresco Sunshine#4 Liquid live Resin 0.5g Hybrid Cartridge,Cartridges,$65.00,"TOTAL CANNABINOIDS: 71.50% THC 68.6%, THCa 0.90%,CBG 1.20%, CBC 0.50%, CBN 0.30%TOTAL TERPENES: 9.60%, b-Caryophyllene 1.86%, a-Pinene 0.30%, D-Limonene 3.08%, b-Myrcene 1.97%, a-Humulene 0.53%, b-Pinene 0.25%, b-Eudesmol 0.16%, Ocimene 0.43%, Terpinolene 0.12%, t-Nerolidol 0.52%, Linolool 0.38%"
"
Grassroots",Grassroots GSC 0.5g Hybrid Cartridge,Cartridges,$50.00,"Cannabinoids: THC: 84.00%, THCv: 0.40%, CBD: 0.10%, CBG: 1.70%, CBN: 0.30%, CBC: 0.70%.Terpenes: a-Pinene: 0.1%, b-Pinene: 0.14%, b-Myrcene: 0.36%, Limonene: 0.98%, Terpinolene: 0.06%, Linalool: 0.39%, b-Caryophyllene: 1.31%, Humulene: 0.58%,Caryophyllene Oxide: 0.1%"
"
Grassroots",Grassroots Ray Charles Sauce 500mg Indica Cartridge,Cartridges,$60.00,"THC: 70.90%, THCa: 13.00%,CBG: 1.00%, CBGa: 0.60%, CBN: 0.20%, CBC: 0.50%, a-Pinene: 0.42%, b-Pinene: 0.24%, Myrcene: 7.49%, Limonene: 0.44%, Ocimene: 0.81%, Linalool: 0.36%, Caryophyllene: 0.45%, Humulene: 0.13%, Caryophyllene Oxide: 0.11%, b-Eudesmol: 0.10%"
"
Grassroots",Grassroots Texas Shoreline Sauce 0.5gHybrid Cartridge,Cartridges,$60.00,"THC 0.30%, THCa 69.20%, CBG 1.60%, CBGa 0.60%, CBN 0.30%, CBC 0.50%a-Pinene 0.73%, b-Pinene 0.21%, b-Myrcene 2.83%, Limonene 0.42%, Ocimene 2.85%, Terpinolene 0.15%, Linalool 0.39%, b-Caryophyllene 0.50%, Humulene 0.23%, Nerolidol 0.44%, Caryophyllene Oxide 0.12%, b-Eudesmol 0.15%"
"
Grassroots",Grassroots True Kush 0.5g Indica Cartridge,Cartridges,$50.00,"Cannabinoids: THC 84.50%, THCv 0.40%, CBD 0.10%, CBG 1.90%, CBN 0.30%, CBC 0.80%.Terpenes: a-Pinene 0.06%, b-Pinene 0.14%, B-Mycrene 0.3%, Limonene 1.01%, Terpinolene 0.06%, Linalool 0.46%, b-Caryophyllene 0.71%, Humulene 0.53%, Nerolidol: 0.36%, Caryophyllene Oxide: 0.12%, B-Eudesmol: 0.14%"
"
MPX",MPX Blue Dream 0.5g Sativa Cartridge,Cartridges,$50.00,"Total Cannabinoids: 82.15%CBG: 1.97%, D9THC: 77.26%, CBN: 0.84%, CBC: 0.78%.Total Terpenes: 10.35%a-Pinene: 2.834%, b-Pinene: 1.989%, b-Myrcene: 2.355%, Limonene: 0.798%, 3-Carene: 0.341%, Humulene: 0.263%, Linalool: 0.387%, B-Caryophyllene: 0.821%"
"
MPX",MPX Diablo OG 0.5g Indica Cartridge,Cartridges,$50.00,"Total Cannabinoids: 79.46%CBG: 1.97%, D9THC: 74.57%, CBN: 0.83%, CBC: 0.78%.Total Terpenes: 8.061%a-Pinene: 0.278%, b-Pinene: 0.576%, b-Myrcene: 1.339%, Limonene: 2.190%, Ocimene: 0.242%, Humulene: 0.255%, Linalool: 1.029%, B-Caryophyllene: 1.036%"
"
MPX",MPX Gelato 0.5g Hybrid Cartridge,Cartridges,$50.00,"Cannabinoids:CBG: 2.04%, D9THC: 80.64%, CBN: 0.88%, CBC: 0.81%.Total Terpenesa-Pinene: 0.490%, b-Pinene: 0.952%, b-Myrcene: 1.808%, Limonene: 2.744%, Terpinolene: 0.395%, Fenchol: 0.392%, Linalool: 0.851%, B-Caryophyllene: 1.190%"
"
MPX",MPX Northern Lights 0.5g Indica Cartridge,Cartridges,$50.00,"Total Cannabinoids: 84.37%CBG: 2.05%, D9THC: 79.34%, CBN: 0.87%, CBC: 0.81%.Total Terpenes: 11.150%a-Pinene: 0.763%, b-Pinene: 1.195%, b-Myrcene: 1.346%, Limonene: 1.694%, Ocimene: 0.286%, Terpinolene: 3.136%, 3-Carene: 0.418%, B-Caryophyllene: 1.038%"
"
MPX",MPX Purple Punch 0.5g Indica Cartridge,Cartridges,$50.00,"Total Cannabinoids: 81.89%CBG: 1.98%, D9THC: 76.97%, CBN: 0.85%, CBC: 0.79%.Total Terpenes: 8.141%a-Pinene: 0.409%, b-Pinene: 0.769%, b-Myrcene: 1.294%, Limonene: 2.450%, Terpinolene: 0.308%, Humulene: 0.138%, Linalool: 0.665%, B-Caryophyllene: 1.027%"
"
MPX",MPX Thin Mints GSC 0.5g Hybrid Cartridge,Cartridges,$50.00,"Total Cannabinoids: 82.78%CBG: 2.04%, D9THC: 77.71%, CBN: 0.86%, CBC: 0.80%.Total Terpenes: 8.120%a-Pinene: 0.394%, b-Pinene: 0.599%, b-Myrcene: 1.012%, Limonene: 2.196%, Fenchol: 0.220%, Humulene: 0.458%, Linalool: 0.828%, B-Caryophyllene: 1.542%"
"
AiroPro",AiroPro Blue Dream Hybrid Cartridge,Cartridges,$50.00,"delta9THC 84.85%, CBG 1.38%, CBD 0.21%, delta8THC 0.24%, THCV 0.33%, CBN 0.73%, CBC 0.95%aPinene 1.653%, Camphene 0.069%, Linalool 0.604%, aTeprinen 0.031%, Eucalyptol 0.142%, Carene 0.174%, Guaiol 0.011%, bPinene 1.261%, Ocimene 0.048% aHumulene 0.515%, gammaTerpinene 0.018%, aBisabolol 0.02%, Sabinene 0.08%, bMyrycene 1.74% Terpinolene 0.203%, Limonene 2.793%, transCaryophyllene 0.31%, alphaTerpineol 0.176%, cis-Neroidol 0.115%"
"
AiroPro",AiroPro Cinderella 99 Cartridge,Cartridges,$50.00,"Delta9 THC: 72.34%, Delta8 THC: 0.24%, THCa: 1.06%, THCV: 0.44%, CBG: 0.91%, CBGa: 0.19%, CBN: 0.52%, CBC: 1.02%, CBD: 0.24%,a-Pinene: 0.998%, b-Pinene: 0.472%, Myrcene: 1.880%, Camphene: 0.218%, Ocimene: 1.272%, Terpinolene: 3.261%, Linalool: 0.043%, a-Humulene: 0.299%, Limonene: 1.631%, Caryophyllene: 1.031%,Fenchol: 0.375,"
"
AiroPro",AiroPro Clementine Hybrid Cartridge,Cartridges,$50.00,"THC: 87.21%, delta8THC 0.32%, THCa: 0.05%, THCv: 0.41%, CBN 0.77%, CBG 2.03%, CBD 0.22%, CBC: 1.14%, apinene 0.254%, b-Pinene: 0.399%, b-Myrcene: 1.533%, Camphene 0.058%, Sabine 0.011%, Fenchol 0.222%, Limonene: 2.123%, Linalool: 0.44% aHumulene 0.041%, b-Caryophyllene: 0.350%, aTerpineol 0.227%, Caryophyllene Oxide 0.071% transCaryophyllene0.843%, Carene 0.063%, Terpinolene 0.042%"
"
AiroPro",AiroPro Gorilla Glue Gelato Indica Cartridge,Cartridges,$50.00,"Cannabinoids- D9 THC: 77.08%, Delta 8 THC: 0.20%, THCa:0.86%,THCV: 0.18%, THCVA; 0.14,CBG: 1.79%, CBGa: 0.022%, CBN: 0.58%, CBC: 0.76%, CBD: 0.14%, CBDa: 0.09%Terpenes- a-Pinene: 0.965%, b-Pinene: 0.604%, Myrcene: 1.848%, (R)-(+) Limonene: 3.056%,Terpinolene: 0.319%, Linalool: 3.265%,Trans-Caryophyllene: 1.817%, Ocimene: 0.189%, Camphene: 0.411%, Borneol 0.167%, alpha- Humulene 0.542%, gamma- Terpinene; 0.054%, alpha Terpinene 0.058%, Fenchol 0.978%(1S)-(+) Carene; 0.044%, Guaiol: 0.154%, alpha Terpineol; 0.647%, "
"
AiroPro",AiroPro Grapefruit Kush Indica Cartridge,Cartridges,$50.00,"Cannabinoids: Delta 9THC: 84.42%, Delta 8THC: 0.42%, CBN: 0.55%, CBG: 2.20%, THCV: 0.22%, CBC: 1.02%%, CBD: 0.22%Terpenes: A-pinene: 0.569%, b- pinene: 0.947%, b-myrcene: 2.115%, camphene: 0.176%, ocimene: 0.025%, terpinolene: 0.124%, linalool; 0.912%, a-humulene: 0.139%, (R)(+) limonene; 2.925%, (-)caryophyllene oxide: 0.057%, (1S)-(+)-3-carene: 0.136%,trans-caryophyllene: 1.479%, sabinene: 0.020%, fenchol: 0.560%, a-terpinene: 0.455% "
"
AiroPro",AiroPro Jack Herer Sativa Cartridge,Cartridges,$50.00,"Delta 9 THC: 85.46%, Delta8THC 0.35%, THCV: 0.42%, CBG: 0.98%, CBN 0.74% CBC: 0.79%, a-Pinene: 0.73%, b-Pinene: 1.028%, b-Myrcene: 1.352%, Camphene 0.05%, Limonene: 2.982%, Terpinolene: 1.345%,, Linalool: 0.509%, Nerolidol: 0.299%, Eucalyptol 0.131%, , Sabiene 0.064%, Ocimene 0.233%, aHumulene0.757%, gammaTerpinene 0.015%, alphaTerpinene 0.017%, transCaryophyllene0.535%, Carene 0.123%, Guaiol 0.01%, aTerpineol 0.333%"
"
AiroPro",AiroPro Midnight Moon Indica Cartridge,Cartridges,$50.00,"Delta 9 THC: 87.19%, THCV: 0.23%, CBC: 0.91%,CBG 1.32%, CBD 0.2%, delta8THC 0.39%, CBN 0.75%, CBC 0.91%a-Pinene: 0.335%, b-Pinene: 0.413%, b-Myrcene: 1.451%, Limonene: 4.96%, Linalool: 0.332%, Neroidol 0.051%, ocimene 0.111%, Terpinolene 0.067%, aHumulene 0.217%, Carene 0.103%, aTerpinene 0.018%, transCaryophyllene0.049%, Sabiene 0.057%, Camphene 0.0333%, aTerpineol 0.09%"
"
AiroPro",AiroPro Strawberry Cheesecake Indica Cartridge,Cartridges,$50.00,"Delta 9 THC: 85.65%, delta8THC 0.27%, THCv 0.3%, CBD 0.22%CBN: 0.69%, CBG: 2.87%, CBC: 1.05%,a-Pinene: 0.398%, b-Pinene: 0.616%, b-Myrcene: 1.762%, Camphene 0.116%, Ocimene 0.03%, Terpinolene 0.087%, Limonene: 2.241%, Linalool: 0.616%, Caryophyllene Oxide: 0.021%, Humulene:0.088%, gammaTerpinene 0.012%, Carene 0.155%, Fenchol 0.256%, transCaryophyllene 0.838%, Sabinene 0.049%, aTerpinene 0.019%, "
"
AiroPro",Airopro Sumatran Sunrise Sativa Cartridge,Cartridges,$50.00,"Cannabinoids: Delta 9THC: 85.04%, Delta 8THC: 0.28%, CBN: 0.51%, CBG: 2.47%, THCV: 0.19%, CBC: 0.88%, CBD: 0.15%Terpenes: A-pinene: 0.216%, b- pinene: 0.227%, b-myrcene: 0.710%,ocimene: 0.063%, terpinolene: 0.338%, linalool; 0.157%, a-humulene: 0.178%, (R)(+) limonene; 7.460%, eucalyptol; 0.028%, (-)caryophyllene oxide: 0.060%, (1S)-(+)-3-carene: 0.030%, cis-nerolidol: 0.039%, trans-caryophyllene: 0.114%, sabinene: 0.020%, a-terpineol: 0.060% "
"
AiroPro",AiroPro Tropic Thunder Hybrid Cartridge,Cartridges,$50.00,"Cannabinoids: Delta 9THC: 84.06%, Delta 8THC: 0.42%, CBN: 0.71%, CBG: 2.75%, THCV: 0.35%, CBC: 0.91%, CBD: 0.21%Terpenes: A-pinene: 1.987%, b- pinene: 1.102%, b-myrcene: 2.968%, camphene: 0.097%,linalool; 0.228%, a-humulene: 0.240%, (R)(+) limonene; 1.179%,(-)caryophyllene oxide: 0.069%, (1S)-(+)-3-carene: 0.174%, trans-caryophyllene: 1.429%, sabinene: 0.024%, fenchol: 0.067%, a-terpineol: 0.115% "
"
AiroPro",AiroPro White Cream Hybrid Cartridge ,Cartridges,$50.00,"Cannabinoids- CBG: 1.73%, CBD: 0.17%, THCV:0.21%, CBN: 0.92%, D9 THC: 73.39%, Delta 8 THC: 0.38%, CBC: 0.65%, THCa: 0.98%, THCva: 0.12%,Terpenes: a-Pinene: 0.918%, Camphene: 0.346%, Beta Myrcene: 2.126%, Beta Pinene: 0.735%, Ocimene: 0.135%, Alpha-Terpinene ;0.045%, (R)-(+) Limonene ;3.205%, Gamma Terpinene ;0.040%, Terpinolene :0.226%, Linalool: 2.571%, Geraniol: 0.30%, Trans-Caryophyllene: 3.490%, Alpha-Humulene: 1.470%, (1S)-(+)-3 Carene: 0.016%,Alpha Bisabolol: 0.077%, Alpha Terpineol: 0.476%, Borneol: 0.125%, Fenchol: 0.798%"
"
AiroPro",AiroPro Whoopie Pie #1 Cartridge,Cartridges,$50.00,"Cannabinoids- D9 THC: 71.23%, Delta 8 THC: 0.28%, THCa: 1.31%,THCV: 0.47%, CBG: 1.64%, CBN: 0.39%, CBC: 1.25%, CBD: 0.21%Terpenes- a-Pinene: 0.929%, b-Pinene: 0.414%, Myrcene: 1.253%, (R)-(+) Limonene: 3.147%,alpha-Terpinolene: 0.029%, Linalool: 0.929%,Trans-Caryophyllene: 2.400%, (-) Caryophyllene oxide 0.094%, Eudesmol: 0.12%, Ocimene: 0.065%, Camphene: 0.333%, Borneol 0.167%, alpha- Humulene 0.767%, gamma- Terpinene; 0.024%, alpha- Bisabolol; 0.024%, Fenchol 0.0878%"
"
Cresco",Cresco Balance 1g 1:1 THC:CBD RSO Concentrate,trates,$55.00,"THC 27.7%, CBD 32.4%, CBDa 1%, CBN 0.7%, CBG 1%, CBC 1.7%bPinene 0.03%, bMyrcene 0.08%, Limonene 0.06%, Eucalyptol 0.03%, Ocimene 0.06%, Sabinene Hydrate 0.04%, Terpinolene 0.06%, Fenchone 0.06%, Linalool 0.2%, Fenchol 0.09%, Borneol 0.06%, Terpineol 0.15%, Geraniol 0.27%, bCaryophyllene 0.3%, aHumulene 0.14%, Valencene 0.04%, cisNerolidol 0.04%, transNerolidol 0.07%, Guaiol 0.33%, bEudesmol 0.59%, aBisbolol 0.45%"
"
Nature's Heritage",Nature's Heritage Bubblegum Diesel1g Hybrid Kief Concentrate,trates,$30.00,"THC: 2.50%, THCa: 28.40%, CBG: 0.20%, CBGa: 0.50%, a-Pinene: 0.04%, b-Pinene: 0.05%, Myrcene: 0.05%, Limonene: 0.22%, Terpinolene: 0.06%, Linalool: 0.21%, t-Nerolidol: 0.20%, Humulene: 0.14%, Eudesmol: 0.09%, Caryophyllene: 0.26%, Caryophyllene Oxide: 0.07%"
"
Nature's Heritage",Nature's Heritage Citron 1g Indica Kief Concentrate,trates,$30.00,"THC: 3.00%,THCa: 23.00%, CBG: 0.30%. a-Pinene: 0.03%, b-Pinene: 0.03%, Myrcene: 0.05%, Limonene: 0.02%, Terpinolene: 0.05%, Linalool: 0.06%, Ocimene: 0.07%, Humulene: 0.03%, Eudesmol: 0.03%, Caryophyllene: 0.09%, Caryophyllene Oxide: 0.03%"
"
Nature's Heritage",Nature's Heritage Guava IX Kief 1g Hybrid Concentrate,trates,$30.00,"THC: 3.60%, THCa: 26.80%, CBG: 0.30%, CBGa: 0.60%, a-Pinene: 0.03%, b-Pinene: 0.03%, Myrcene: 0.08%, Limonene: 0.12%, Terpinolene: 0.00%, Linalool: 0.09%, t-Nerolidol: 0.00%, Humulene: 0.18%, Eudesmol: 0.10%, Caryophyllene: 0.32%, Caryophyllene Oxide: 0.00%"
"
Nature's Heritage",Nature's Heritage ONYCD Kief 1g Indica Concentrate ,trates,$30.00,"THC: 5.30%, THCa: 29.90%, CBD: 0.00%, CBDa: 0.00%, CBG: 0.40%, CBGa: 0.40%, CBN: 0.00%,alpha-Pinene: 0.04%, beta-Myrcene: 0.17%, Terpinolene: 0.07%, Ocimene: 0.00%, Humulene: 0.19%, beta-Caryophyllene: 0.47%, Caryophyllene Oxide: 0.08%, beta-Pinene: 0.07%, Limonene: 0.25%, Linalool: 0.11%, Eudesmol: 0.10%"
"
Nature's Heritage",Nature's Heritage Star 91 1g Indica Kief Concentrate,trates,$30.00,"Cannabinoids: THC: 7.5%,THCa: 24.7%, CBG: 0.30%, CBGa: 0.60%. Terpenes:a-Pinene: 0.04%, b-Pinene: 0.04%, b-Myrcene: 0.2%, Limonene: 0.13%, Terpinolene: 0.07%, Linalool: 0.12%, Ocimene: 0.08%, t-Nerolidol: 0.2%, a-Humulene: 0.12%, b-Eudesmol 0.09%, b-Caryophyllene: 0.21%"
"
Nature's Heritage",Natures Heritage Sour Bobby Kief 1g Hybrid Concentrate,trates,$30.00,"Cannabinoids: THC: 3.70%,THCa: 31.50%, CBG: 0.50%, CBGa: 0.50%. Terpenes: a-Pinene: 0.04%, b-Pinene: 0.06%, Myrcene: 0.14%, Limonene: 0.24%, Terpinolene: 0.06%, Linalool: 0.09%, Humulene: 0.17%, Eudesmol: 0.09%, Caryophyllene: 0.36%, Caryophyllene oxide: 0.07%"
"
Epic",Epic Clementine Crumble 1g Sativa Concentrate ,trates,$60.00,"Total Cannabinoids 80.60% THC 4.20%, THCa 71.70% CBD 0.00%, CBDa 0.01%, CBG 0.50%, CBN 0.00% Total Terpenes 3.51% a-Pinene 0.06%, b-Pinene 0.09%, Myrcene 0.15%, Limonene 0.13%, Ocimene 0.88%, Terpinolene 0.83%, Caryophyllene oxide 0.15%, Linalool .22%, b-Eudesmol 0.17, t-Nerolidol 0.00%, Humulene 0.30%, b-Caryophyllene 0.53%"
"
Epic",Epic Lemon Thai Crumble 1g Hybrid Concentrate,trates,$60.00,"THC: 3.00%, THCA: 73.70%, CBD: 0.00%, CBDA: 0.01%, CBN: 0.00%, CBG: 0.70%a-Pinene: 0.11%, b-Pinene: 0.17%, Myrcene: 0.92%, Limonene: 0.49%, Ocimene: 0.12%, Terpinolene: 0.00%, Caryophyllene oxide: 0.15%, Caryophyllene: 0.55%, Linalool: 0.31%, Eudesmol: 0.36%, Humulene: 0.24%, Nerolidol: 0.00%"
"
Epic",Epic Lone Star Crumble 1g Hybrid Concentrate ,trates,$60.00,"THC: 2.10%, THCa: 72.70%, CBG: 1.00%. a-Pinene: 0.11%, b-Pinene: 0.19%, Myrcene: 0.40%, Limonene: 0.83%, Ocimene: 0.08%, Terpinolene: 0.05%, Linalool: 0.35%, Caryophyllene: 1.29%, Humulene: 0.35%, Eudesmol: 0.07%"
"
Epic",Epic Phantom Cookies Wax 1g Hybrid Concentrate,trates,$60.00,"Total Cannabinoids 84.20% THC 5.00%, THCa 76.30% CBD 0.00%, CBDa 0.00%, CBG 0.50%, CBN 0.00% Total Terpenes 3.45% a-Pinene 0.77%, b-Pinene 0.34%, Myrcene 0.54%, Limonene 0.33%, Ocimene 0.00%, Terpinolene 0.06%, Caryophyllene oxide 0.13%, Linalool .36%, b-Eudesmol 0.33, t-Nerolidol 0.00%, Humulene 0.33%, b-Caryophyllene 0.27%"
"
Epic",Epic Phantom OG 1g Wax Concentrate,trates,$60.00,"Total Cannabinoids 83.50%THC 3.00%, THCa 77.50% CBD 0.00%, CBDa 0.00%, CBG 0.60%, CBN 0.00% Total Terpenes 4.65%,a-Pinene 0.78%, b-Pinene 0.32%, b-Myrcene 0.33%, Limonene 0.74%, Ocimene 0.10% Terpinolene 0.06%, Caryophyllene oxide 0.18%, Linalool 0.32%, b-Eudesmol 0.28, t-Nerolidol 0.00%, Humulene 0.55%, b-Caryophyllene 0.99%"
"
Epic",Epic Short Monster Crumble 1g Hybrid Concentrate,trates,$60.00,"THC: 1.80%, THCA: 80.50%, CBD: 0.00%, CBDA: 0.01%, CBN: 0.00%, CBG: 0.70%a-Pinene: 0.10%, b-Pinene: 0.16%, Myrcene: 1.06%, Limonene: 0.70%, Ocimene: 0.18%, Terpinolene: 0.10%, Caryophyllene oxide: 0.13%, Caryophyllene: 1.13%, Linalool: 0.52%, Eudesmol: 0.14%, Humulene: 0.37%, Nerolidol: 0.36%"
"
Epic",Epic Tally Mon Crumble 1g Hybrid Concentrate,trates,$60.00,"Total Cannabinoids 87.90%THC 1.50%, THCa 84.00% CBDa 0.00%, CBD 0.00%, CBG 1.00%, CBN 0.00%Total Terpenes 5.68%, a-Pinene 0.12%, b-Pinene 0.25%, Myrcene 0.74%, Limonene 1.79%, Terpinolene 0.09%, Caryophyllene oxide 0.00%, Linalool .48%, b-Eudesmol 0.48, t-Nerolidol 0.00%,Humulene 0.33%, b-Caryophyllene 1.09%"
"
Epic",Epic Tally Mon Kush Sugar Wax 1g Hybrid Concentrate,trates,$60.00,"Total Cannabinoids 89.80% THC 5.30%, THCa 81.70% CBD 0.00%, CBDa 0.10%, CBG 1.10%, CBN 0.00% Total Terpenes 5.68% a-Pinene 0.01%, b-Pinene 0.05%, Myrcene 0.13%, Limonene 0.47%, Ocimene 0.00%, Terpinolene 0.05%, Caryophyllene oxide 0.14%, Linalool .38%, b-Eudesmol 0.38, t-Nerolidol 0.00%, Humulene 0.36%, b-Caryophyllene 0.49%"
"
Epic",Epic Texas Butter 1g Wax Concentrate,trates,$60.00,"Total Cannabinoids 84.80% THC 3.90%, THCa 78.60% CBD 0.00%, CBDa 0.01%, CBG 1.00%, CBN 0.00%Total Terpenes 5.47%, a-Pinene 0.19%, b-Pinene 0.27%, b-Myrcene 0.77%, Limonene 1.10%, Ocimene 0.30%, Terpinolene 0.08%, Caryophyllene oxide 0.16%, Linalool .38%, b-Eudesmol 0.15, t-Nerolidol 0.36%, Humulene 0.39%, b-Caryophyllene 1.32%"
"
MPX ",MPX Phantom Cookies Cured Sugar 1g Hybrid Concentrate,trates,$60.00,"THC:5.86%, THCa: 78.02%, CBCa: 0.79, CBGa: 2.38%. a-Pinene: 0.328%, b-Pinene: 0.027%, b-Myrcene: 1.032%, Limonene: 0.685%, Ocimene: 0.149%, Linalool: 0.026%, b-Caryophyllene: 0.075%, Humulene: 0.025%"
"
MPX ",MPX Secret Sauce Live Resin Badder 0.5g Hybrid Concentrate ,trates,$45.00,"THCa: 74.04%, D9THC 4.26%, CBG: 0.51%, CBGa: 2.69%, a-Pinene: 0.169%,Terpinolene 2.106%, Myrcene: 0.708%, Limonene: 0.359%, Ocimene: 0.130%, Caryophyllene: 0.437%, Humulene: 0.120%"
"
Rythm ",Rythm AC/DC 2:1 CBD:THC 1g Terp Sap Concentrate,trates,$85.00,""
"
Rythm ",Rythm Tahoe Alien Terp Sap 1g Hybrid Concentrate,trates,$85.00,"THC: 81.80%, THCV: 0.40%, CBG: 1.60%, CBC: 0.90%, CBN: 0.30%, CBD: 0.20%. a-Pinene: 0.13%, b-Pinene: 0.22%, Myrcene: 0.83%, Limonene: 2.04%, Ocimene: 0.11%, Terpinolene: 0.12%, Linalool: 0.52%, Fenchol: 0.22%, Terpineol: 0.26%, Caryophyllene: 2.87%, Humulene:0.79%, Nerolidol: 0.22%, Caryophyllene Oxide: 0.13%, Guiaol: 0.19%, Eudesmol: 0.18%, Bisabolol: 0.33%"
"
Vireo",Vireo Ata Tundra Hash 0.5g Hybrid Concentrate,trates,$55.00,"THC: 1.05%, THCa: 38.39%, CBDa 0.12%, CBG: 0.17%, CBGa: 0.62%. a-Pinene: 0.05%, b-Pinene: 0.1%, Myrcene: 1.29%, Limonene: 0.37%, Ocimene: 0.31%, Linalool: 0.21%, Caryophyllene: 0.33%, Humulene: 0.11%, Terpinolene 0.02%"
"
Vireo",Vireo Bubba Kush Rosin 0.5g Indica Concentrate,trates,$55.00,""
"
Vireo",Vireo Cream Caramel 0.5g Hash Hybrid Concentrate,trates,$45.00,"THC: 4.02%, THCa: 29.47%, CBDa: 0.11%, CBN: 0.17%, CBG: 0.34%, CBGa: 0.62%, CBC: 0.16%.Limonene: 0.02%, Linalool: 0.12%, b-Caryophyllene: 0.16%, a-Humulene: 0.05%, Caryophyllene oxide: 0.07%"
"
Vireo",Vireo Gorilla Girl 0.5g Hash Sativa Concentrate ,trates,$55.00,"THC 0.33%, THCa 34.78%, CBDa 0.09%,CBDV 0.70%, CBG 0.24%, CBGa 0.57% Terpines: a-Pinene 0.08%, b-Pinene 0.16%, b-Myrcene 0.22%, Limonene 0.57%, Linalool 0.07%, a-Humulene 0.22%"
"
Vireo",Vireo Gorilla Girl Rosin 0.5g Sativa Concentrate,trates,$55.00,"Total Cannabinoids: 78.06%THC: 11.29%, THCa: 65.77%, CBG: 1.00%,Total Terpenes: 7.34%a-Pinene: 0.17%, b-Pinene: 0.31%, Myrcene: 0.95%, Limonene: 2.08%, Ocimene: 0.38%, Terpinolene: 0.29%, Linalool: 0.98%, Caryophyllene: 1.41%, Humulene: 0.58%, t-Nerolidol: 0.00%, b-Eudesmol: 0.00%, Caryophyllene oxide: 0.19% "
"
Vireo",Vireo Hurlock 0.5g Hash Hybrid Concentrate,trates,$55.00,"THC: 1.56%, THCa: 28.12%, CBG: 0.23%, CBGa: 0.88%,. a-Pinene: 0.06%, b-Pinene: 0.07%, b-Myrcene: 0.26%, Limonene: 0.22%, Ocimene: 0.00%, Terpinolene: 0.12%, Linalool: 0.17%, b-Caryophyllene: 0.25%, a-Humulene: 0.08%, b-Eudesmol: 0.04%, Caryohyllene oxide: 0.0% "
"
Vireo",Vireo Jungle Wreck Rosin 0.5g Hybrid Concentrate,trates,$55.00,"THC 2.04%, THCa 70.22%, CBG 0.70%, CBGa 1.14% Terpines: a-Pinene 0.29%, b-Pinene 0.42%, b-Myrcene 1.26%, Limonene 3.29%, Linalool 0.22%, a-Humulene 0.62%, b-Caryophyllene 2.94%, "
"
Vireo",Vireo Moby Dick 0.5g Rosin Sativa Concentrate,trates,$55.00,"Total Cannabinoids 86.65%THC: 13.88%, THCa: 66.97%, CBG: 1.67%, CBGa: 3.64%, CBC: 0.49%Total Terpenes: 7.48%a-Pinene: 0.17%, b-Pinene: 0.25%, Myrcene: 0.85%, Limonene: 0.46%, Ocimene: 0.71%, Terpinolene: 2.76%, Linalool: 0.18%, Caryophyllene: 1.15%, Humulene: 0.37%, t-Nerolidol: 0.41%, b-Eudesmol: 0.17%, Caryophyllene oxide: 0.00%"
"
Grassroots",Grassroots Birthday Cake 0.5g Hybrid Budder Concentrate,trates,$35.00,"Cannabinoids: THC: 2.00%, THCa: 77.60%, CBG: 0.40%, CBGa: 2.30%.Terpenes: a-Pinene: 0.10%, B-Pinene: 0.22%, B-Myrcene: 1.01%, Limonene: 1.07%, Terpinolene: 0.10%, Linalool: 0.82%, B-Caryophyllene: 1.77%, Humulene: 0.50%, Caryophyllene Oxide: 0.18%, B-Eudesmol: 0.17%"
"
Grassroots",Grassroots Blue Shark 1g Live CBD Sap Indica Concentrate,trates,$70.00,"THC: 0.60%, THCa: 30.40%, CBD: 0.60%, CBDa: 44.60%, CBG: 0.50%, CBGa: 1.60%. a-Pinene: 0.58%, b-Pinene: 0.33%, Myrcene: 5.39%, Limonene: 0.63%, Ocimene: 0.92%,Terpinolene: 2.15%, Linalool: 0.26%, Caryophyllene: 0.62%, Humulene: 0.15%, Eudesmol: 0.25%"
"
Grassroots",Grassroots Garlic Cookies Budder .5g Hybrid Concentrate,trates,$35.00,"Cannabinoids: THC: 0.90%, THCa: 80.60%, CBG: 0.60%, CBGa: 2.70%. Terpenes: a-Pinene: 0.14%, b-Pinene: 0.28%, B-Myrcene: 1.39%, Limonene: 1.92%, Terpinolene: 0.10%, Linalool: 0.27%, B-Caryophyllene: 1.49%, Humulene: 0.56%, Eudesmol: 0.15%"
"
Grassroots",Grassroots Garlic Cookies Sugar 0.5g Hybrid Concentrate,trates,$35.00,"Cannabinoids: THC: 2.50%, THCa: 81.90%, CBG: 0.50%, CBGa: 1.60%.Terpenes:a-Pinene: 0.09%, b-Pinene: 0.18%, B-Myrcene: 1.02%, Limonene: 1.37%, Terpinolene: 0.08%, Linalool: 0.25%, b-Caryophyllene: 1.19%, Humulene: 0.46%, B-Eudesmol: 0.12%"
"
Grassroots",Grassroots Ghost Rider Sugar 0.5g Hybrid Concentrate,trates,$35.00,"THC 1.80%, THCa 85.90%, CBG 0.70%,CBGa 0.60%, a-Pinene 0.13%, b-Pinene 0.21%, b-Myrcene 1.00%, Limonene 1.20%,Ocimene 0.22%, Terpinolene 0.16%, Linalool 0.78%, b-Caryophyllene 1.23%, Humulene 0.42%, Caryophyllene Oxide 0.13%, b-Eudesemol 0.17%"
"
Grassroots",Grassroots GSC Budder 0.5g Hybrid Concentrate,trates,$35.00,"THC: 1.90%, THCa: 74.40%, CBDa: 0.10%, CBG: 1.00%, CBGa: 2.80%, a-Pinene: 0.20%, b-Pinene: 0.31%, Myrcene: 0.54%, Limonene: 1.43%, Terpinoline: 0.09%, Linalool: 0.72%, B-Caryophyllene: 1.71%, Humulene: 0.53%, Nerolidol: 0.34% , B-Eudesmol: 0.12%"
"
Grassroots",Grassroots GSC Sugar 0.5g Hybrid Concentrate,trates,$35.00,"CANNABINOIDS:THC: 2.30%, THCA: 77.90%, CBG: 0.90%, CBGa: 2.60%, CBN: 0.50%, CBC: 0.20%A-Pinene: 0.17%, B-Pinene: 0.26%, B-Myrcene: 0.47%, Limonene: 1.06%, Ocimene: 0.14%, Terpinolene: 0.09%, Linalool: 0.66%, B-Caryophyllene: 1.37%, Humelene: 0.42%, Nerolidol: 0.38%, B-Eudesmol: 0.16%"
"
Grassroots",Grassroots Motor Breath #15 Live Budder 1g Indica Concentrate,trates,$60.00,One gram of Motor Breath #15 Live Budder from Grassroots
"
Grassroots",Grassroots Motor Breath Sugar 0.5g Indica Concentrate,trates,$35.00,"THC: 3.30%, THCa: 77.60%, CBG: 0.70%, CBGa: 0.10%, a-Pinene: 0.13%, b-Pinene: 0.24%, Myrcene: 1.48%, Limonene: 1.34%, Terpinolene: 0.16%, Linalool: 0.41%, Caryophyllene: 1.31%, Humulene: 0.47%"
"
Grassroots",Grassroots Pelirroja 0.5g Sugar Sativa Concentrate,trates,$35.00,"THC: 8.10%, THCa: 68.00%, CBG: 0.60%, CBGa: 4.60%, a-Pinene: 0.14%, b-Pinene: 0.21%, b-Myrcene: 0.19%, Limonene: 0.33%, Ocimene: 0.23%, Terpinolene: 0.73%, Linalool: 0.34%, b-Caryophyllene: 0.13%, Humulene: 0.36%, Eudesmol: 0.08%"
"
Grassroots",Grassroots Texas Shoreline Budder Hybrid 0.5g Concentrate,trates,$35.00,"THC: 3.40%, THCa: 74.80, CBDa: 0.10%, CBG: 0.90%, CBGa: 1.40%.a-Pinene: 1.09%, B-Pinene: 0.30%, B-Myrcene: 1.75%, Limonene: 0.44%, Ocimene: 1.67%, Terpinolene: 0.10%, Linalool: 0.37%, B-Caryophyllene: 0.73%, Humulene: 0.25%, Caryophyllene Oxide: 0.08%, B-Eudesmol: 0.12%"
"
Grassroots",Grassroots Texas Shoreline Sugar 0.5g Hybrid Concentrate,trates,$35.00,"THC: 5.30%, THCa: 77.60%, CBG: 0.90%, CBGa: 1.20%, a-Pinene: 0.51%, b-Pinene: 0.16%, Myrcene: 0.74%, Limonene: 0.22%, Ocimene: 0.83%, Terpinolene: 0.12%, Linalool: 0.36%, b-Caryophyllene: 0.58%, Humulene: 0.24%, Nerolidol: 0.37%, Caryophyllene Oxide .10%, Eudesmol: 0.14%"
"
Grassroots",Grassroots True Kush 0.5g Indica Budder Concentrate,trates,$35.00,"THC: 6.60%, THCa: 72.10%, CBG: 0.70%, CBGa: 1.10%,a-Pinene: 0.09%, b-Pinene: 0.22%, Myrcene: 0.92%, Limonene: 1.20%, Ocimene: 0.31%, Terpinolene: 0.09%, Linalool: 0.53%, Caryophyllene: 0.67%, Humulene: 0.32%, Caryophyllene oxide: 0.14%, Eudesmol: 0.13%"
"
Grassroots",Grassroots Beautiful Nightmare 0.3g Sativa Disposable Vape,Disposable Vapes,$35.00,"Cannabinoids: THC: 82.5%, CBG: 1.80%, CBN: 0.50%, CBC: 0.80%. Terpenes: a-Pinene: 1.24%, b-Pinene: 0.52%, Myrcene: 1.13%, Limonene: 0.35%, Terpinolene: 0.08%, Linalool: 0.23%, Caryophyllene: 0.74%, Humulene: 0.24%, Caryophyllene Oxide: 0.13%, Eudesmol: 0.12%"
"
Grassroots",Grassroots GSC Hybrid Disposable Vape,Disposable Vapes,$32.00,"Cannabinoids: THC: 84%, THCv0.4%, CBD 0.10%, CBG: 1.70%, CBN: 0.30%, CBC: 0.70%.Terpenes: a-Pinene: 0.1%, B-Pinene: 0.14%, B-Myrcene: 0.36%, Limonene: 0.98%, Terpinolene: 0.06%, Linalool: 0.39%, B-Caryophyllene: 1.31%, Humulene: 0.58%,Caryophyllene Oxide: 0.1%"
"
Grassroots",Grassroots Motor Breath 0.3g Indica Disposable Vape,Disposable Vapes,$32.00,"Cannabinoids: THC: 83.00%, CBD: 0.40%, CBG: 1.50%, CBN: 0.40%, CBC: 0.90%.Terpenes:a-Pinene: 0.22%, b-Pinene: 0.35%, Myrcene: 1.20%, Limonene: 1.92%, Terpinolene: 0.17%, Linalool: 0.36%, b-Caryophyllene: 1.35%, Humulene: 0.22%, Caryophyllene oxide: 0.10%, b-Eudesmol: 0.10%"
"
Rythm",Rythm Blue Frost Indica Disposable Vape,Disposable Vapes,$36.00,"Cannabinoids: THC: 78.96%, THCa: 1.04%, CBG: 2.46%, CBC: 0.83%, CBN: 0.46%, Terpenes: a-Pinene: 0.25%, b-Pinene: 0.26%, Myrcene: 0.64%, Limonene: 1.89%, Ocimene: 0.48%, gamma-Terpinene 0.07%, Terpinolene: 0.11%, Linalool: 0.35%, Fenchol: 0.25%, Terpineol: 0.37%, beta-caryophyllene: 1.29%, alpha-Humulene: 0.38%, Guaiol: 0.15%, beta-Eudesmol: 0.20%, alpha- Bisabolol: 0.26%"
"
Rythm",Rythm Citrique Hybrid 300mg Disposable Vape,Disposable Vapes,$36.00,"THC 76.60%, THCv 0.03%, THCa 1.60% CBD 0.10%, CBG 2.60%, CBN 0.30%, CBC 0.80%a-Pinene 0.16%, b-Pinene 0.20%, Mycrene 1.08%, Limonene 0.89%,Terpinolene 0.13%, Linalool 0.31%, b-Caryophyllene 1.41%, Humulene 0.68%"
"
Rythm",Rythm Citrus Tsunami 300mg Sativa Disposable Vape,Disposable Vapes,$36.00,"Cannabinoids: THC: 82.37%, THCV: 0.65%, CBG: 1.36%, CBC: 1.27%, CBN: 0.54%, CBD: 0.14% Total Terpenes: 4.20%a-Pinene: 0.04%, b-Pinene: 0.11%, Myrcene: 0.24%, Limonene: 0.81%, Ocimene: 0.31%, Terpinolene: 0.09%, Linalool: 0.53%, Fenchol: 0.11%, Terpineol: 0.25%, b-Caryophyllene: 0.86%, a-Humulene: 0.27%, Guaiol: 0.15%, b-Eudesmol: 0.22%, a-Bisabolol: 0.21%"
"
Rythm",Rythm Fluffhead Hybrid Disposable Vape,Disposable Vapes,$36.00,"Cannabinoids:THC 77.8%, THCa 0.5%, THCV 0.2%, CBG 2.1%, CBC 0.9%, CNB 0.4%, CBD 0.1%, CBDV 0.1%Terpenes:aPinene 0.08%, bPinene 0.14%, bMyrcene 0.41%, Limonene 0.61%, Sabinene hydrate 0.04%, Terpinolene 0.08%, Fenchone 0.04%, Linalool 0.90%, Fenchol 0.21%, Camphor 0.04%, terpineol 0.33%, bCaryophyllene 1.87%, aHumulene 0.7%, trans-Neroidol 0.39%, bEudesmol 0.14%, aBisbolol 0,29%"
"
Rythm",Rythm Fruitcake Indica Disposable Vape,Disposable Vapes,$36.00,"Cannabinoids: THC: 78.40%, THCa: 0.90%, CBG: 1.60%, CBC: 0.90%, CBN: 0.40%, CBDV: 0.20%Terpenes: a-Pinene: 0.66%, b-Pinene: 0.36%, Myrcene: 3.75%, Limonene: 0.92%, gamma-Terpinene: 0.06%, Terpinolene: 0.09%, Linalool: 0.38%, Fenchol: 0.22%, Terpineol: 0.31%, beta-Caryophyllene: 0.92%, Humulene: 0.30%, cis-Nerolidol: 0.17%, Guaiol: 0.14%, beta-Eudesmol: 0.16%, alpha-Bisabolol: 0.19%"
"
Rythm",Rythm Grape Stomper Sativa Disposable Vape,Disposable Vapes,$36.00,"Cannabinoids:THC: 72.9%, THCa: 2.4%, CBG: 2.8%, CBC: 0.80%, CBN: 0.60%, Terpenes:a-Pinene: 0.03%, b-Pinene: 0.11%, Myrcene: 2.44%, Limonene: 0.51%, Ocimene: 0.51%, Terpinolene: 0.09%, gamma-Terpinene 0.07%, Linalool 0.46%, Fenchol 0.13%, Camphor 0.04%, Terpineol 0.28%, bCaryophyllene: 0.91%, aHumulene: 0.28%, Guaiol 0.26%, bEudesmol 0.30%, aBisabolol 0.24%"
"
Rythm",Rythm Hennessy OG Indica Disposable Vape,Disposable Vapes,$36.00,"THC: 77.57%, THCa 0.35%, CBN: 0.61%, CBC: 0.83%, CBG: 2.17%; a-Pinene: 0.50%, b-Pinene: 0.25%, Myrcene: 0.32%, Limonene: 1.09%, Ocimene: 0.19%, Terpinolene: 0.06%, Linolool: 0.26%, Fenchol 0.15%, Terpineol 0.27%, Caryophyllene: 1.03%, Humulene: 0.52%, cis-Neridol .029%, Caryophyllene Oxide 0.11%, Guaiol 0.23%, b-Eudesemol 0.24%, Bisabolol: 0.25%"
"
Rythm",Rythm Island OG #5 Hybrid Disposable Vape,Disposable Vapes,$36.00,"300mgTHC: 78.95%, CBG: 2.54%, CBN: 0.8%, CBC: 1.42%.a-Pinene: 0.09%, b-Pinene: 0.19%, Myrcene: 0.65%, Limonene: 1.06%, Ocimene: 0.35%, Terpinolene: 0.11%, Linolool: 0.97%, gammaTerpinene 0.07%, Fenchol 0.21%, Terpineol 0.41%, Nerol 0.50%, bCaryophyllene: 1.2%, aHumulene: 0.37%,Valencene 0.25%, aBisbolol 0.37%. "
"
Rythm",Rythm Princess Haze Sativa Disposable Vape,Disposable Vapes,$36.00,"Cannabinoids:THC: 77.24%, THCa: 0.62%, THCV: 1.09%, CBG: 2.50%, CBC: 0.90%, CBN: 0.59%, CBD: 0.14%,Total Terpenes: 3.63%alpha-Pinene: 1.34%, Camphene: 0.08%, beta-Pinene: 0.30%, beta-Mycrene: 0.48%, Limonene: 0.27%, Eucalyptol: 0.10%, Fenchol: 0.10%, Isoborneol: 0.04%, beta-Caryophyllene: 0.43%, alpha-Humulene: 0.38%, Caryophyllene oxide 0.11%,"
"
Grassroots",Grassroots Pelirroja#30 EIGHTH Sativa Flower (Prepacked),Flower,$55.00/Eighth ,"Cannabinoids: THC: 0.30%, THCa: 22.80%CBG 0.1%, CBGa: 1.70%.Terpenes: a-Pinene: 0.05%, b-Pinene: 0.07%, B-Mycrene: 0.11%, Limonene: 0.13%,Terpinolene: 0.22%, Linalool: 0.12%, b-Caryophyllene: 0.29%, Humulene: 0.12%, Caryophyllene Oxide: 0.04%, B-Eudesmol: 0.06%"
"
Rythm",Rythm Grape Stomper Sativa Flower (Prepacked),Flower,$60.00/Eighth ,"Cannabinoids: THCa 21.90%, THC 0.30%, CBGa 0.40%, CBG 0.10%.Total Terpenes: 1.46%.a-Pinene 0.00%, b-Pinene 0.02%, beta-Myrcene 1.03%, alpha-Humulene 0.10%, trans-Nerolidol 0.00%, beta-Eudesmol 0.09%, Limonene 0.00%, Terpinolene: 0.00%, Linalool: 0.10%, Ocimene: 0.00%, Caryophyllene oxide: 0.00%, beta-Caryophyllene: 0.12%"
"
Rythm",Rythm Mini Buds Grape Stomper Sativa Flower (Prepacked),Flower,$50.00/Eighth ,"Cannabinoids: THCa 20.40%, THC 0.30%, CBGa 0.40%, CBG 0.10%.Terpenes:a-Pinene 0.00%, b-Pinene 0.01%, beta-Myrcene 1.06%, alpha-Humulene 0.11%, trans-Nerolidol 0.00%, beta-Eudesmol 0.09%, Limonene 0.00%, Terpinolene: 0.00%, Linalool: 0.11%, Ocimene: 0.00%, Caryophyllene oxide: 0.00%, beta-Caryophyllene: 0.13%"
"
Flower (Strane)",Strane Bodega Bubblegum Hybrid Flower (Prepacked),Flower,$55.00/Eighth ,"Total Cannabinoids: 26.10%.THCa 25.00%, THC 0.20%, CBGa 0.60%, CBG 0.30%Total Terpenes: 1.86%.b-Pinene: 0.02%, b-Myrcene: 1.06% Limonene: 0.15%, Ocimene: 0.12%, Linalool: 0.09%, b-Caryophyllene: 0.23%, a-Humulene: 0.13%, beta-Eudesmol: 0.06%"
"
Flower (Strane)",Strane Snow Monster#9 Hybrid Flower (Prepacked),Flower,$55.00/Eighth ,"Cannabinoids: THCa 19.7%, THC 0.7%, CBGa 0.2%, CBG: 0%Terpenes: a-Pinene: 0.02%, b-Pinene: 0.04%, b-Myrcene: 0.4%, Limonene: 0.29%, Ocimene: 0.00%, Terpinolene: 0.02%, Linalool: 0.11%, b-Caryophyllene: 0.22%, a-Humulene: 0.06%, beta-Eudesmol: 0.04%"
"
Flower (Strane)",Strane Tally Mon Hybrid Flower (Prepacked),Flower,$55.00/Eighth ,"Total Cannabinoids: 21.20%THCa 20.30%, THC 0.20%, CBGa 0.30%, CBG 0.40%Total Terpenes: 1.24%a-Pinene: 0.03%, b-Pinene: 0.06%, b-Myrcene: 0.14%, Limonene: 0.55%, Terpinolene: 0.02%, Linalool: 0.11%, b-Caryophyllene: 0.13%, a-Humulene: 0.11%, beta-Eudesmol: 0.09%"
"
Sunmed",SunMed Lemon Skunk Hybrid Flower (Prepacked),Flower,$50.00/Eighth ,"Cannabinoids: THC: 0.65%, THCa: 24.72%, CBG 0.09%, CBGa: 0.58%, CBD: 0.09%, THCVa: 0.12%, CBDa: 0.05%, CBCa: 0.27%.Terpenes: a-Pinene: 0.05%, b-Pinene: 0.1%, B-Myrcene: 0.31%, Linalool: 0.01%, D-Limonene: 0.14%, Terpinolene: 0.9%, B-Caryophyllene: 0.35%, Humulene: 0.16%, B-Ocimene: 0.54%, 3-Carene: 0.41%,"
"
Sunmed",SunMed Sunshine #4 Hybrid Flower (Prepackaged),Flower,$60.00/Eighth ,"THC: 0.87%, THCA: 28.57%, CBD: 0.11%, CBDa: 0.05% CBG: 0.09%, CBGA: 0.22%, CBCa: 0.11%. Total Terpenes: 2.93%a-Pinene: 0.14%, b-Pinene: 0.12%, Myrcene: 0.37%, Limonene: 0.94%, Ocimene: 0.04%, Linalool: 0.06%, Terpinolene 0.01%, b-Caryophyllene: 0.37%, Humulene: 0.12%, t-Nerolidol: 0.09%, bOcimene 0.04%"
"
District Cannabis",District Cannabis Lemon Royale EIGHTH Sativa Flower (Prepackaged),Flower,$50.00/Eighth ,"Cannabinoids: THC: 0.480%, THCa: 29.05%, CBG: 0.060%.Terpenes: Alpha-Pinene: 0.066%, Beta-Pinene: 0.074%, Beta-Myrcene: 0.129%, D-Limonene: 0.679%, Terpinolene: 0.042%, Linalool: 0.114%, Beta-Caryophyllene: 0.179%, Alpha-Humulene: 0.045%, Trans-Nerolidol: 0.006%"
"
Nature's Heritage",Nature's Heritage Guava IX Hybrid Flower (Bulk),Flower,$55.00/Eighth ,"Cannabinoids: THC: 0.50%, THCA: 29.90%, CBG: 0.3%, CBGA: 0.7%Total Terpenes: 2.67%.b-Myrcene: 0.71%, Limonene: 0.68%, b-Caryophyllene: 0.64%, a-Humulene: 0.22%, t-nerolidol: 0.12%, Linalool: 0.12%"
"
Nature's Heritage",Nature's Heritage ONYCD Hybrid Indica Flower (Bulk),Flower,$55.00/Eighth ,"Cannabinoids: THCA: 30.30%, CBG: 0.30%, THC: 0.40%Total Terpenes: 3.10%,beta-Caryophyllene: 1.01%, beta-Myrcene: 0.94%, Limonene: 0.54%, alpha-Humulene: 0.29%, trans-Nerolidol: 0.13%, beta-Pinene: 0.07%"
"
Curio",Curio Carolina Hybrid Flower (Prepacked),Flower,$60.00/Eighth ,"Cannabinoids; THC: 0.20%, THCA: 29.3%, CBG: 0.30%, CBGA: 0.70%. Terpenes: a-Pinene: 0.07%, b-Pinene: 0.11%, b-eudesmol;0.05% Myrcene: 0.20%, Limonene: 0.96%, Linalool: 0.11%, Caryophyllene: 0.10%,Humelene: 0.11%, Ocimene: 0.16%"
"
Curio",Curio Cherry Punch Hybrid Flower ,Flower,$60.00/Eighth ,"Cannabinoids:THCA; 25.4%, THC; 0.20%, CBG; 0.20%, CBG-A; 0.20%Terpenes:A-Pinene; 0.10%, Caryophyllene; 0.41%, B-eudesmol; 0.05%, B-Myrcene; 0.15%, B-Pinene; 0.14%, Humulene; 0.13%, Limonene; 0.97%, Linalool; 0.13%, Ocimene; 0.17%, Terpinolene; 0.05%, trans-Nerolidol; 0.16%"
"
Vireo",Vireo Ata Tundra Indica Flower (Bulk),Flower,$50.00/Eighth ,"Cannabinoids: THC: 0.50%, THCA: 22.04%, CBG: 0.14%, CBGA: 0.37%Terpenes: Total: 1.22%. b-Myrcene: 0.62%, Limonene: 0.15%, Linalool: 0.11%, b-Caryophyllene: 0.11%, a-Humulene: 0.11%, b-Eudesmol: 0.09%"
"
Grow West",UNTRIMMED Grow West Blue Magoo Hybrid Flower (Bulk) ,Flower,$50.00/Eighth ,"Cannabinoids: THC: 0.50%, THCA: 19.80%, CBG: 0.2%, CBGA: 0.4%Terpenes: 1.76%, B-Myrcene: 0.71%, a-Pinene: 0.20%, D-Limonene: 0.17%, B-Caryophyllene: 0.17%, Ocimene: 0.15%, a-Humulene: 0.08%, B-Pinene: 0.08%"
"
Grow West",UNTRIMMED Grow West Forum Cookies x Alien Dawg Hybrid Flower,Flower,$45.00/Eighth ,"Cannabinoids: THC: 0.40%, THCA: 26.30%, CBG: 0.1%, CBGA: 1.6%Terpenes: 1.81%, Limonene: 0.61%, beta-Caryophyllene: 0.50%, beta-Myrcene: 0.20%, alpha-Humulene: 0.19%, Linalool: 0.08%,"
"
Grow West",UNTRIMMED Grow West Mandarin Cookies Hybrid Flower,Flower,$45.00/Eighth ,"Cannabinoids: THC: 0.34%, THCA: 18.98%, CBG: 0.12%, CBGA: 0.19%Terpenes:b-Myrcene: 0.28%, B-Caryophyllene: 0.28%, Linalool: 0.08%"
"
Dixie",Dixie Elixir Berry Lemonade 100mg Ingestibles,gestibles,$20.00,"THC: 6mg per serving, 100mg per bottle."
"
Dixie",Dixie Elixir Berry Lemonade 200mg Ingestibles ,gestibles,$40.00,"THC: 12mg per serving, 200mg per bottle."
"
Dixie",Dixie Elixir Cherry Limeade 100mg Ingestible,gestibles,$20.00,"THC: 6mg per serving, 100mg per bottle"
"
Dixie",Dixie Elixir Cherry Limeade 200mg Ingestible ,gestibles,$40.00,"THC: 12mg per serving, 200mg per bottle"
"
Dixie",Dixie Elixir Fruit Punch 100mg Ingestible,gestibles,$20.00,"THC: 6mg per serving, 100mg per bottle"
"
Dixie",Dixie Elixir Fruit Punch 200mg Ingestible,gestibles,$40.00,"THC: 12mg per serving, 200mg per bottle"
"
Dixie",Dixie Elixir Half & Half 100mg Ingestible,gestibles,$20.00,"THC: 6mg per serving, 100mg per bottle"
"
Dixie",Dixie Orange Awakening 5mg Tablets Ingestible,gestibles,$20.00,"THC: 5mg per tablet, 100mg per pack"
"
Dixie",Dixie Orange Awakening Tablets 60ct Ingestible,gestibles,$50.00,"THC: 5mg per tablet, 300mg per pack"
"
Dixie",Dixie Relaxing Peppermint 5mg Tablets Ingestible,gestibles,$20.00,"THC: 5mg per tablet, 100mg per pack."
"
Dixie",Dixie Relaxing Peppermint Tablets 60ct Ingestible,gestibles,$50.00,"THC: 5mg per tablet, 300mg per pack"
"
Dixie",Dixie Synergy Mixed Berry 1:1 5mg Tablets Ingestible,gestibles,$40.00,"THC: 5mg per tablet, 100mg per pack. CBD: 5mg per tablet, 100mg per pack."
"
Dixie",Dixie Synergy Mixed Berry 1:1 Tablets 60ct Ingestible,gestibles,$85.00,"THC: 5mg per tablet, 100mg per pack.CBD: 5mg per tablet, 100mg per pack."
"
Dixie",Dixie Vitalizing Pomegranate Acai 5mg Tablet Ingestible,gestibles,$20.00,"THC: 5mg per tablet, 100mg per pack"
"
Dixie",Dixie Vitalizing Pomegranite Acai Tablets 60ct Ingestibles,gestibles,$50.00,"THC: 5mg per tablet, 100mg per pack."
"
Curio",Curio Apple Spice 40mg Medicated Chew Ingestibles,gestibles,$65.00,"10 chews, 40mg THC each."
"
Curio",Curio Blood Orange Turmeric 2:20 CBD:THC Medicated Chew Ingestible,gestibles,$45.00,10 chews 20mg THC 2mg CBD each
"
Curio",Curio Lemon Honey 20:2 CBD:THC Medicated Chews Ingestibles ,gestibles,$45.00,"10 Chews 20mg CBD, 2mg THC each"
"
Curio",Curio Mango Ginger 10mg Medicated Chews Ingestible ,gestibles,$30.00,10 chews THC 10mg each
"
Curio",Curio Mango Ginger 25mg Medicated Chews,gestibles,$50.00,10 chews 25mg THC each
"
Curio",Curio Mango Ginger 40mg Medicated Chews Ingestible,gestibles,$65.00,10 Chews 40mg THC each.
"
Curio",Wana Blood Orange 30mg THC Sativa Medicated Chew Ingestible,gestibles,$55.00,300 MG THC PER PKG | 30 MG THC PER PIECEConsistent. Potent.
"
Curio",Wana Blueberry 10mg THC Indica Medicated Chew Ingestible,gestibles,$35.00,100 MG THC PER PKG | 10 MG THC PER PIECE
"
Curio",Wana Exotic Yuzu 2:1 CBD:THC Hybrid Medicated Chew Ingestible,gestibles,$55.00,200 MG CBD/ 100 MG THC PER PKG | 20 MG CBD/ 10 MG THC PER PIECE
"
Curio",Wana Mango 10mg THC Sativa Medicated Chew Ingestible,gestibles,$35.00,100 MG THC PER PKG | 10 MG THC PER PIECE
"
Curio",Wana Raspberry Limeade 30mg THC Indica Medicated Chew Ingestible,gestibles,$55.00,300 MG THC PER PKG | 30 MG THC PER PIECE
"
Curio",Wana Strawberry Lemonade 1:1 CBD:THC Medicated Chew Ingestible,gestibles,$45.00,100 MG CBD/ 100 MG THC PER PKG | 10 MG CBD/ 10 MG THC PER PIECE
"
Curio",Wana Watermelon 10mg THC Hybrid Medicated Chew Ingestible,gestibles,$35.00,100 MG THC PER PKG | 10 MG THC PER PIECE
"
The Feel Collection",The Feel Collection Blackberry Lozenges Ingestibles,gestibles,$25.00,""
"
The Feel Collection",The Feel Collection Tropical Lozenges Ingestibles,gestibles,$25.00,A 10pack of 10mg chewable lozenges 
"
Kind",Betty's Eddies High Dose Medicated Chews Berry Ingestible,gestibles,$50.00,A package of 5 strawberry flavored chews. Each chew contains 50mg of THC.
"
Kind",Betty's Eddies High Dose Medicated Chews Peach Mango Ingestible,gestibles,$50.00,A five pack of 50mg Peachy Mango Edibles. Total 250mg per package.
"
Kind",Betty's Eddies Medicated Chews Bedtime Ingestible,gestibles,$25.00,A package of 5 flavored chews. Each chew contains 20mg of THC and 2mg of Melatonin
"
Kind",Kalm Green Tea Lemonade THC Ingestibles,gestibles,$18.00,3 Packages of Powdered Tincture at 30mg THC per package
"
Kind",Kalm Mint CBD Tablets Ingestibles,gestibles,$42.00,"CBD: 5mg per tablet, 250mg per pack"
"
Kind",Kalm Mint THC Tablets Ingestibles,gestibles,$45.00,"THC: 5mg per tablet, 100mg per pack"
"
Grassroots",Grassroots Beautiful Nightmare (1) 1g Hybrid Pre-Roll ,PreRolls,$17.00/Gram ,"THC: 0.20%, THCa: 20.40%, CBG: 0.20%, CBGa: 0.20%,a-Pinene: 0.12%, b-Pinene: 0.06%, Myrcene: 0.34%, Limonene: 0.11%, Terpinolene: 0.02%, Linalool: 0.05%, Caryophyllene: 0.04%, Humulene: 0.02%, Nerolidol: 0.10%, Eudesmol: 0.04%"
"
Grassroots",Grassroots Pelirroja (1) 1g Sativa Pre-Roll,PreRolls,$17.00,"Cannabinoids:THC 0.7%, THCa 22.10%, CBGa 1.7%Terpenes:aPinene 0.05%, bPinene 0.09%, bMyrcene 0.11%, Limonene 0.15%, Terpinolene 0.08%, Linalool 0.12%, bCarryophyllene 0.20%, Humulene 0.13%, Caryophyllene Oxide 0.03%, bEudesmo 0.06%"
"
Curio",Curio Kaviar Infused Joint Hybrid Preroll,PreRolls,$30.00,"Total Cannabinoids: 46.20%THC+THCa: 44.10%Total Terpenes: 0.86%b-Myrcene 0.20%, b-Caryophyllene 0.16%, Limonene 0.13%, Linalool: 0.12%, Humulene 0.12%, b-Eudesmol 0.07%, Terpinolene 0.02%, b-Pinene 0.02%, a-Pinene 0.02%"
"
Curio",Curio Kaviar Infused Joint Indica Preroll,PreRolls,$30.00,""
"
Curio",Curio Kaviar Sativa Infused Joint Prerolls,PreRolls,$30.00,""
"
Pre-roll (Strane)",Strane Bodega Bubblegum 0.5g Hybrid Preroll,PreRolls,$9.00/Half Gram ,"Cannabinoids: THCa: 24.70%, THC: 0.20%, CBGa: 0.60%, CBG: 0.30%Total Terpenes: 1.89%,a-Pinene: 0.00%, b-Pinene: 0.02%, b-Myrcene: 1.07%, Limonene: 0.13%, Ocimene: 0.13%, Terpinolene: 0.00%, Linalool: 0.09%, b-Caryophyllene: 0.25%, a-Humulene: 0.14%, b-Eudesmol: 0.06%, Caryophyllene: 0.00%"
"
Dogwalkers",DogWalkers Big Dog Black Afghan (1) 0.75g Indica Preroll,PreRolls,$15.00/Big Dog ,"Cannabinoids: THC: 0.80%, THCa: 21.90%, CBGa: 0.30%, CBG: 0.20% Total Terpenes: 2.30%a-Pinene: 0.32%, b-Pinene: 0.07%, Myrcene: 1.12%, D-Limonene: 0.09%, Ocimene: 0.18%, Linalool: 0.18%, Fenchol: 0.02%, Terpineol: 0.03%, b-Caryophyllene: 0.56%, a-Humulene: 0.08%, Caryophyllene oxide 0.02%, b-Eudesmol 0.03%, a-Bisabolol 0.05%"
"
Dogwalkers",Dogwalkers Big Dog Fluffhead (1) 0.75g Hybrid Preroll,PreRolls,$15.00/Big Dog ,"THCa: 26.00%, THC: 0.40%, CBGa: 1.10%, CBG: 0.10% a-Pinene: 0.03%, b-Pinene: 0.05%, b-Myrcene: 0.31%, D-Limonene: 0.38%, Ocimene: 0.03%, Terpinolene: 0.02%, Linalool: 0.24%, Borneol: 0.04%, Terpineol: 0.06%, beta-Caryophyllene: 0.34%, a-Humulene 0.12%, beta-Eudesmol: 0.02%, alpha-Bisabolol: 0.07%."
"
Dogwalkers",DogWalkers Big Dog OG Story (1) 0.75g Indica Preroll,PreRolls,$15.00/Big Dog ,"Cannabinoids:THCa: 26.40%, THC: 0.90%, CBGa: 0.90%, CBG: 0.30%,Total Terpenes: 3.21%a-Pinene: 0.05%, b-Pinene: 0.08%, Myrcene: 1.75%, Limonene: 0.59%, Linalool: 0.14%, Fenchol: 0.05%, Terpineol: 0.09%, b-Caryophyllene: 0.27%, Humulene: 0.08%, b-Eudesmol: 0.02%, a-Bisabolol: 0.04%"
"
Dogwalkers",DogWalkers Big Dog Venom OG (1) 0.75g Indica Pre-roll,PreRolls,$15.00/Big Dog ,"Cannabinoids: THCa 24.30%, THC 0.80%, CBG 0.20%, CBGa.0.90%Total Terpenes: 3.78%a-Pinene 0.05%, b-Pinene 0.08%, b-Myrcene 2.14%, Limonene 0.56%, Terpinolene 0.02%, Linalool 0.12%, Fenchol 0.05%, Terpineol 0.08%, b-Caryophyllene 0.45%, a-Humulene 0.12%, b-Eudesmol 0.03%, a-Bisabolol 0.05%"
"
Dogwalkers",DogWalkers BigDog Citrus Tsunami (1) 0.75g Sativa Preroll,PreRolls,$15.00/Big Dog ,"Cannabinoids:THCa 23.10%, THC 0.20%, CBGa 0.70%, CBG 0.30%Total Terpenes: 0.87% a-Pinene 0.02%, b-Pinene 0.03%, Myrcene 0.02%, Limonene 0.20%, Ocimene 0.03%, Terpinolene: 0.02%, Linalool 0.10%, Terpineol 0.04%, Nerol: 0.05%, b-Caryophyllene 0.23%, a-Humulene: 0.06%, b-Eudesmol: 0.02%, a-Bisabolol: 0.05%"
"
Sunmed",SunMed Grape Lime Ricky Hybrid Prerolls ,PreRolls,$14.00,"THC: 0.92%, THCA: 15.41%, CBD: 0.00%, CBDa 0.00%,CBG: 0.08%, CBGA: 0.48%, THCVa: 0.00%, CBCA: 0.14%,a-Pinene: 0.18%, b-Pinene: 0.11%, b-Myrcene: 0.48%, D-Limonene: 0.01%, Camphene: 0.00%, Terpinolene: 0.36%, 3-Carene: 0.03%, b-Caryophyllene: 0.13%, b-Ocimene: 0.14%, Humulene: 0.04%, Linalool: 0.02%, t-Nerolidol: 0.00%, a-Bisabolol: 0.01%, b-Eudesmol: 0.00%"
"
Sunmed",SunMed Guice Hybrid Prerolls,PreRolls,$14.00,"Two .5g PrerollsTHC: 0.48%, THCA: 21.33%, CBD: 0.07%, CBDa: 0.04%, CBG: 0.08%, CBGA: 0.46%, THCVa: 0.10%, CBCA: 0.07%.Total Terpenes: 2.27%a-Pinene: 0.02%, b-Pinene: 0.03%, b-Myrcene: 0.11%, Limonene: 0.07%, Camphene: 0.00%, Terpinolene: 0.59%, 3-Carene: 0.01%, b-Caryophyllene: 0.92%, Ocimene: 0.01%,Humulene: 0.29%, Linalool: 0.04%, t-Nerolidol: 0.05%, a-Bisabolol: 0.01%, a-Terpineol: 0.02%"
"
Sunmed",SunMed Headband x Skunk #1 Hybrid Prerolls,PreRolls,$14.00,"THC: 0.20%, THCa: 14.33%, CBG: 0.00%, CBGa: 0.58%,a-Pinene: 0.05% b-Pinene: 0.09%, Myrcene: 0.54%, Limonene: 0.62%, Camphene: 0.01%,Terpinolene: 0.01%, 3-Carene: 0.00%, Caryophyllene: 0.53%, Ocimene: 0.00%, Humulene 0.22%, Linalool: 0.10%"
"
Sunmed",SunMed Lemon Meringue Sativa Prerolls,PreRolls,$14.00,"Cannabinoids: THC: 0.11%,THCa: 22.37%, CBG: 0.14% CBGa: 1.35%, THCVa 0.13%, CBCa 0.21%Total Terpenes: 1.41%a-Pinene: 0.03%, b-Pinene: 0.05%, b-Myrcene: 0.18%, D-Limonene: 0.25%, Camphene 0.00%, Terpinolene: 0.00%, 3-Carene: 0.00%, B-Caryophyllene: 0.56%, b-Ocimene 0.00%, Humulene 0.15%, Linalool: 0.01%, Trans-nerolidol0.02%, a-Bisabolol: 0.00%, a-Terpineol: 0.01%"
"
Sunmed",SunMed Northern Lights Prerolls,PreRolls,$14.00,"Cannabinoids:THC: 0.28%, THCA: 16.69%, CBD 0.00%, CBDA 0.00%, CBG: 0.00%, CBGA: 2.43%, THCVa: 0.12%, CBCa: 0.25% Terpenes:a-Pinene: 0.77%, b- Pinene: 0.28%, b-Myrcene: 0.76%, D-Limonene: 0.21%, Camphene: 0.03%, Terpinolene: 0.01%, 3-Carene: 0.00%, b- Caryophyllene: 0.15%, b-Ocimene: 0.69%, Humelene: 0.03%, Linalool: 0.08%, trans-Nerolidol: 0.00%, a-Bisabolol: 0.00%, a-Terpineol: 0.01%"
"
Sunmed",SunMed OG Brulee Hybrid Prerolls,PreRolls,$14.00,"THC: 0.11%, THCA: 23.51%, CBD: 0.03%, CBDa 0.05%, CBG: 0.02%, CBGA: 0.36%, THCVa: 0.01%, CBCA: 0.27%,a-Pinene: 0.06%, b-Pinene: 0.06%, b-Myrcene: 0.12%, D-Limonene: 0.14%, Camphene: 0.00%, Terpinolene: 0.70%, 3-Carene: 0.02%, b-Caryophyllene: 0.08%, b-Ocimene: 0.10%, Humulene: 0.03%, Linalool: 0.03%, t-Nerolidol: 0.02%, a-Bisabolol: 0.00%, b-Eudesmol: 0.00%"
"
Sunmed",SunMed Purple Punch Indica Prerolls,PreRolls,$14.00,"Cannabinoids: THC: 0.20%, THCA: 22.64%, CBD: 0.03%, CBDa: 0.05%, CBG: 0.02%, CBGA: 0.18%, CBNa: 0.02%, CBCA: 0.19%.Terpenes: a-Pinene: 0.04%, b-Pinene: 0.07%, b-Myrcene: 0.09%, Limonene: 0.30%, Ocimene: 0.02%, Terpinolene: 0.00%, Linalool: 0.04%, b-Caryophyllene: 0.45%,Humulene: 0.13%, t-Nerolidol: 0.00%, Camphene: 0.01%, 3-Carene: 0.00%, Guaiol: 0.05%,a-Bisabolol: 0.03%"
"
Sunmed",SunMed Rosetta Stone Hybrid Preroll,PreRolls,$14.00,"Cannabinoids:THC: 0.83%, THCA: 26.86%, CBD: 0.07%, CBDa: 0.06%CBG: 0.06%, CBGA: 1.02%, THCa 0.01%, CBCa: 0.21%CBNa0.03%, CBCa 0.22%Terpenes:a-Pinene: 0.07%, b- Pinene: 011%, Myrcene: 0.18%, Limonene: 0.2%, Terpinoline: 1.69%, 3-Carene: 0.05%, b- Caryophyllene: 0.33%,Humelene: 0.12%, Ocimene: 0.25% , Linalool 0.01%, Trans-nerolidol 0.02%, aTerpinene 0.06%"
"
Sunmed",SunMed Sour Diesel Sativa Prerolls,PreRolls,$14.00,"Cannabinoids:THC: 0.23%, THCA: 16.66%, CBDa 0.03%,CBG 0.12%, CBGa 0.23%, THCVa 0%, CBCa 0.9%Terpenes:a-Pinene: 0.01%, b- Pinene: 0.02%, Myrcene: 011%, Limonene: 0.15%, Camphene 0%, Linalool: 0.02%, b-Caryophyllene: 0.40%,Humelene: 0.17%, beta-Ocimene 0%, a-Bisbolol 0.03%, alpha-Terpineol 0% Trans-neridol 0.03%"
"
Sunmed",SunMed Sticky Lemons Hybrid Preroll,PreRolls,$12.00,"Cannabinoids:THC: 0.18% THCA: 16.9%, CBD 0.01%CBDa: 0.02%, CBG: 0.17%, CBGA: 0.23% CBCa 0.17% Terpenes: a-Pinene: 0.01%, b- Pinene: 0.02%, b- Myrcene: 0.02%, d-Limonene: 0.12%, Linalool: 0.07%, t- Caryophyllene: 0.36%,Humelene: 0.11%, a-Bisabolo0.04%, trans-nerolidol 0.03%"
"
Sunmed",SunMed Sunshine #4 Hybrid Preroll,PreRolls,$15.00,"THC: 2.64%, THCa: 27.02%, CBDa: 0.05%, CBG: 0.09%, CBG: 0.09%, CBGa: 0.25%. a-Pinene: 0.05%, b-Pinene: 0.06%, Myrcene: 0.42%, Limonene: 0.40%, Camphene: 0.01%, Terpinolene: 0.01%, 3-Carene: 0.00%, b-Caryophyllene: 0.24%, Ocimene: 0.05%, Humulene: 0.08%, Linalool: 0.09%, trans-Nerolidol: 0.02%, a-Bisabolol: 0.02%, a-Terpineol: 0.00%"
"
Dr. Solomon's",Dr. Solomon's THC RICH RSO,RSO,$80.00,"Cannabinoids:THC: 71.01%, CBG: 3.13%, THCV: 0.66%, CBN: 0.53%, CBC: 0.99%, Total Terpenes: 2.82%a-Pinene: 0.02%, b-Myrcene: 0.11%, Limonene: 0.10%, Ocimene: 0.23%, Terpinolene: 0.12%, Linalool: 0.12%, Terpineol: 0.17%, b-Caryophyllene: 0.72%, a-Humulene: 0.35%, Valencene: 0.10%, cis-Nerolidol: 0.13%, trans-Nerolidol: 0.29%, Caryophyllene Oxide: 0.12%, beta-Eudesmol: 0.11%, alpha-Bisabolol: 0.13%"
"
Nature's Heritage",Nature's Heritage 1g CBD RSO Syringe,RSO,$60.00,"Cannabinoids:THC: 1.20%, CBD: 68.92%, CBG: 1.20%, CBN: 0.60%, Terpenes: a-Pinene: 0.03%, b-Pinene: 0.04%, Myrcene: 0.06%, Terpinolene: 0.06%, Limonene: 0.09%,Linalool, 0.12%, Humulene: 0.20%, Caryophyllene: 0.60%, Caryophyllene oxide: 0.08% B-Eudesmol: 0.08%"
"
Nature's Heritage",Natures Heritage THC RSO Syringe,RSO,$60.00,"THC: 77.70%, CBD: 0.30%, CBG: 1.60%, CBN: 1.00%, a-Pinene: 0.07%, b-Pinene: 0.10%, Myrcene: 0.45%, Limonene: 0.55%, Terpinolene: 0.05%, Ocimene: 0.05%, Linalool: 0.26%, Humulene: 0.25%, Caryophyllene: 0.62%, B-Eudesmol: 0.09%, "
"
Grassroots",Grassroots Birthday Cake 0.5g Hybrid RSO,RSO,$40.00,"Cannabinoids:THC 81.90%, CBG 2.10%, CBN 0.30%, CBC 0.70%.Terpenes: b-Pinene 0.02%, b-Myrcene 0.10%, Limonene 0.08%, Terpinolene 0.04%, Linalool 0.33%, B-Caryophyllene 1.52%, Humulene 0.41%, Caryophyllene Oxide 0.10%, B-EUDESMOL 0.16%"
"
Grassroots",Grassroots Chem de la Chem RSO 0.5G ,RSO,$40.00,"THC 81.60%, THCV 0.50%, CBD 0.10%, CBG 1.80%, CBN 0.30%, CBC 0.60%b-Mycrene 0.06%, Limonene 0.18%, Terpinolene 0.04%, Linalool 0.24%, b-Caryophyllene 0.80%, Humulene 0.40%, Caryophyllene Oxide 0.09%, b-Eudesmol 0.15%"
"
Grassroots",Grassroots Chem de la Chem RSO 1G ,RSO,$65.00,"THC 81.60%, THCV 0.50%, CBD 0.10%, CBG 1.80%, CBN 0.30%, CBC 0.60%b-Mycrene 0.06%, Limonene 0.18%, Terpinolene 0.04%, Linalool 0.24%, b-Caryophyllene 0.80%, Humulene 0.40%, Caryophyllene Oxide 0.09%, b-Eudesmol 0.15%"
"
Grassroots",Grassroots Full Spectrum RSO 0.5g ,RSO,$40.00,"Cannabinoids: THC: 83.00%, THCV: 0.30%, CBD: 0.20%, CBG: 2.20%, CBN: 0.30%, CBC: 0.90%.Terpenes: a-Pinene: 0.03%, b-Pinene: 0.03%, Myrcene: 0.08%, Limonene: 0.14%, Terpinolene: 0.07%, Linalool: 0.35%, Caryophyllene: 1.38%, Humulene: 0.50%, Caryophyllene Oxide: 0.14%, Eudesmol: 0.19%"
"
Grassroots",Grassroots Garlic Cookies 0.5g Indica RSO,RSO,$40.00,"Cannabinoids: THC: 85.80%, CBG: 2.10%.Terpenes: b-Pinene: 0.01%, Myrcene: 0.07%, Limonene: 0.04%, Terpinolene: 0.03%, Linalool: 0.09%, Caryophyllene: 0.88%, Humulene: 0.34%, Eudesmol: 0.10%"
"
Grassroots",Grassroots Ghost of the M 0.5g Indica RSO,RSO,$40.00,"THC: 84.30%, THCV: 0.80%, CBD: 0.20%, CBG: 1.00%, CBN: 0.20%, CBC: 0.80%b-Pinene 0.02%,Myrcene 0.10%, Limonene 0.14%, Terpinolene 0.05%, Linalool 0.26%, Caryophyllene 0.51%, Humulene 0.19%, Caryophyllene Oxide 0.10%, b-Eudesmol 0.12%."
"
Grassroots",Grassroots Motor Breath 0.5g Indica RSO,RSO,$40.00,"Cannabinoids: THC: 84.00%, THCV: 0.40%, CBD: 0.20%, CBG: 1.70%, CBN: 0.20%, CBC: 0.60%. Terpenes: a-Pinene: 0.05%, b-Pinene: 0.05%, b-Myrcene: 0.10%, Limonene: 0.19%,Linalool: 0.25%, b-Caryophyllene: 1.01%, Humulene: 0.41%, Caryophyllene Oxide: 0.15%, b-Eudesmol: 0.20%"
"
Grassroots",Grassroots Motor Breath 1g Indica RSO,RSO,$65.00,"Cannabinoids: THC 84%, THCV 0.40%, CBD 0.2%, CBG 1.4%, CBN 0.20%, CBC 0.60%Terpenes: a-Pinene 0.05%, b-Pinene 0.05%, b-Myrcene 0.10%, Limonene 0.19%, Linalool 0.25%, b-Caryophyllene 1.01%, Humulene 0.41%, Neroidol 0.35%, Caryophyllene Oxide 0.15%, b-Eudesmol 0.20%"
"
Grassroots",Grassroots Ray Charles 0.5g Indica RSO,RSO,$40.00,"Cannabinoids: THC 87.8%, THCV 0.50%, CBG 1.70%, CBN 0.20%, CBC 0.80%Terpenes: a-PINENE 0.05%, b-PINENE 0.05%, b-MYCRENE 0.18%, LIMONENE 0.17%, OCIMENE 0.15%, TERPINOLENE 0.11%, LINALOOL 0.20%, b-CARYOPHYLLENE 0.48%, HUMULENE 0.25%, NEROIDOL 0.35%, CARYOPHYLLENE OXIDE 0.12%, b-EUDESMOL 0.16%"
"
Grassroots",Grassroots RSO Infused Honey Sticks High Dose RSO,RSO,$45.00,Five 50mg RSO-Infused Honey Sticks. 
"
Grassroots",Grassroots RSO Infused Honey Sticks RSO,RSO,$25.00,Five 20mg RSO-Infused Honey Sticks.
"
Grassroots",Grassroots Yuck Mouth 0.5g Hybrid RSO,RSO,$40.00,"Cannabinoids: THC: 81.50%, THCV: 0.30%, CBD: 0.10%, CBG: 1.40%, CBN: 0.20%, CBC: 0.60%Terpenes:b-Pinene 0.04%, b-Pinene: 0.04%,Myrcene 0.10%, Limonene 0.19%, Terpinolene 0.09%, Linalool 0.46%, b-Caryophyllene 1.09%, Humulene 0.40%, Nerolidol: 0.30%, Caryophyllene Oxide 0.13%, b-Eudesmol 0.19%."
"
Grassroots",Grassroots Yuck Mouth 1g Hybrid RSO,RSO,$65.00,"Cannabinoids: THC: 81.50%, THCV: 0.30%, CBD: 0.10%, CBG: 1.40%, CBN: 0.20%, CBC: 0.60%Terpenes:b-Pinene 0.04%, b-Pinene: 0.04%,Myrcene 0.10%, Limonene 0.19%, Terpinolene 0.09%, Linalool 0.46%, b-Caryophyllene 1.09%, Humulene 0.40%, Nerolidol: 0.30%, Caryophyllene Oxide 0.13%, b-Eudesmol 0.19%."
"
Shake/Trim",Vireo Gorilla Girl Hybrid Shake/Trim,Shake/Trim,$45.00/Quarter ,"Shake, Trim and StemsCannabinoids: THC: 0.30%, THCa: 18.00%, CBG: 0.20% Terpenes: beta-Myrcene: 0.52%, Limonene:0.19%, Linalool: 0.13%"
"
Liberty",Liberty 10:1 Cannatonic Oil Tincture,ctures,$40.00,""
"
Liberty",Liberty Clarity Raspberry Cough - High Potency Oil Tincture,ctures,$55.00,""
"
Liberty",Liberty Harmony Af-Pak - High Potency Oil Tincture,ctures,$55.00,"Cannabinoids:D9-THC: 35.44 mg/mLCBG: 2.08mg/mL CBC: 0.56mg/mLCBGa: 0.16mg/mLTHCV: 0.18mg/mLTerpenes: b-Caryophyllene: 0.03%, t-Nerolidol: 0.03%"
"
Liberty",Liberty Serenity Blue and Cream - High Potency Oil Tincture,ctures,$55.00,"Strain: Blue and CreamCannabinoids:D9-THC: 32.79 mg/mLCBD: 0.11mg/mLCBG: 0.50mg/mL CBN: 0.23mg/mLTHCV: 0.28mg/mLCBC: 0.36mg/mLTerpenes: b-Caryophyllene: 0.02%, t-Nerolidol: 0.02%"
"
Liberty",Liberty Vitality Unflavored - High Potency Oil Tincture 500mg,ctures,$60.00,"Strain: Lost CauseCannabinoids:D9-THC: 35.52 mg/mLCBG: 1.99mg/mL THCV: 0.27mg/mLCBC: 0.43mg/mLTerpenes: b-Caryophyllene: 0.04%, a-Humulene: 0.02%, b-Eudesmol: 0.02%"
"
Healer",Healer Night 300mg Tincture,ctures,$90.00,A 300mg THC Indica tincture
"
Healer",Healer Pain Relief 100mg Tincture,ctures,$35.00,A 100mg 1:1 THCA/THC anytime tincture
"
Healer",Healer Pain relief 300mg Tincture,ctures,$90.00,A 300mg 1:1 THCA/THC anytime tincture
"
Healer",Healer Perfect Balance 100mg Tincture ,ctures,$35.00,A 100mg CBDA/THCA/CBD/THC anytime tincture
"
Healer",Healer Perfect Balance 300mg Tincture ,ctures,$90.00,A 300mg CBDA/THCA/CBD/THC anytime tincture
"
Healer",Healer Whole Plant CBD 300mg Tincture,ctures,$90.00,A300mg CBD anytime tincture
"
Mary's Medicinals",Mary's Medicinals Remedy CBD Oil Tincture,ctures,$135.00,""
"
The Feel Collection",TFC Feel Comfort CBD 2:1 Tincture,ctures,$75.00,a 100mg bottle of 2:1 CBD:THC tincture
"
The Feel Collection",TFC Feel Dreamy CBN Tincture,ctures,$60.00,A 100mg bottle of : CBN:THC tincture
"
The Feel Collection",TFC Feel Energized Sativa Tincture,ctures,$35.00,A 100mg bottle of sativa tincture
"
The Feel Collection",TFC Feel Healed CBD 10:1 Tincture,ctures,$75.00,"300mg bottleCBD: 303.75mg, CBDV: 4.05mg, THC 33.75mg, CBG 6.75a-Pinene: 0.03%, Camphene: 0.05%, beta-Pinene: 0.02%, beta-Myrcene: 0.04%,Limonene: 0.03%, Terpinolene: 0.02%, Linalool: 0.03%, Menthol: 0.13%, Geraniol: 0.09%, Geraniol acetate: 0.08%,beta-Caryophyllene: 0.03%, cis-Nerolidol: 0.07%, trans-Nerolidol: 0.07%, beta-Eudesmol: 0.03%"
"
Dixie",Dixie Synergy 1:1 Cooling Balm Topical,Topicals,$30.00,THC: 50mgCBD: 50mg
"
Dixie",Dixie Synergy 1:1 Relief Balm Topicals ,Topicals,$30.00,"THC: 50mg, CBD: 50mg"
"
Dixie",Dixie Synergy Heating 1:1 Balm Topicals,Topicals,$30.00,"THC: 50mg, CBD: 50mg"
"
Vireo",Vireo Green 1:1 CBD:THC Balm Topical,Topicals,$20.00,ORIGINALLY PRICED AT$30!!!
"
Vireo",Vireo Red 19:1 THC:CBD Balm Topicals,Topicals,$30.00,""
"
Dr. Solomon's",Dr. Solomon's THC Rich Lotion Topicals,Topicals,$35.00,NORMALLY PRICED AT $45!!!!!
"
Dr. Solomon's",Dr. Solomons CDB:THC 5:1 Salve Topical,Topicals,$55.00,"Contains CBD, THC, THCV, aPinene, beta-Myrcene, Limonene, Eucalyptol, gamma-Terpinene, Terpinoline for a Spot-specific transdermal salve with eight active ingredients, including Capsicum Oil, Arnica and Sea Buckhorn Oil, permeates for deep, systemic relief."
"
Mary's Medicinals",Mary's Medicinals 1:1 Compound Topicals,Topicals,$50.00,"THC 0.20%, CBD 0.20% Ingredients:mango butter, beeswax, unscented massage oil base, menthol, natural fragrance, oleic acid, isopropyl Myristate, Optiphen, cannabis extract.ALLERGENS: SESAME"
"
Mary's Medicinals",Mary's Medicinals CBD Muscle Freeze Lotion Topicals,Topicals,$40.00,"Total Cannabinoids: CBD 83.6mgTerpenes: a-Pinene 0.42%, b-Pinene 0.02%, b-Myrcene 0.02%, d-Limonene 0.39%, Eucalyptol 1.03%, Ocimene 0.02%, Linalool 0.10%, Camphor 0.06%, Menthol 5.72%ALLERGENS: SESAME"
"
Mary's Medicinals",Mary's Medicinals CBD Patch Topicals,Topicals,$18.00,""
"
Mary's Medicinals",Mary's Medicinals CBD:THC Patch 1:1 Topicals,Topicals,$18.00,"CBD: 4.7mg, THC: 4.2mg, CBG: 0.2mg, CBN: 0.1mg. Eucalyptol: 0.01%, Terpineol: 0.02%, Valence: 0.01%"
"
Mary's Medicinals",Mary's Medicinals CBN Patch Topicals,Topicals,$22.00,""
"
Mary's Medicinals",Mary's Medicinals Sativa Patch Topicals,Topicals,$18.00,""
"
Mary's Medicinals",Mary's Medicinals THC Indica Patch Topicals,Topicals,$18.00,"THC 19.15mg, CBG 0.7mg, CBN 0.36mg, Eucalyptol 0.37%, gamma-Terpinene 0.03%, Terpinolene 0.03%, Linalool 0.05%, bCaryophyllene 0.04%, Valencene 0.05%, Cedrol 0.02%"
"
Topicals (Grassroots)",Grassroots Muscle Oil 2:1 30mL CBD:THC Topical,Topicals,$65.00,"200mg CBD, 100mg THCa-Pinene; 0.19%, b-Pinene: 0.04%, Limonene: 0.24%, Terpinolene: 0.01%, Linalool: 0.10%, b-Caryophyllene: 0.02%"
"
Topicals (Grassroots)",Grassroots Muscle Oil 4:1 CBD:THC Topical,Topicals,$55.00,"240mg CBD, 60mg THCa-Pinene; 0.14%, b-Pinene: 0.03%, Limonene: 0.18%, Terpinolene: 0.01%, Linalool: 0.07%, b-Caryophyllene: 0.01%, b-Eudesmol: 0.01%"
"
Batteries & Atomizers",Dart Battery Grey ,Batteries & Atomizers,$25.00,New C-Cell vape battery and pod system revolutionizes how Maryland patients can vaporize medicinal THC and CBD for a variety of conditions.
"
Batteries & Atomizers",Dart Battery Orange,Batteries & Atomizers,$25.00,High Output battery
"
Batteries & Atomizers",Grassroots battery ,Batteries & Atomizers,$5.00,510 Threaded auto draw no button or USB adapter. 
"
Batteries & Atomizers",PAX Era Pro Device Grey,Batteries & Atomizers,$60.00,One Grey Battery with USB-C cable.
"
Batteries & Atomizers",Rainbow Rythm Battery,Batteries & Atomizers,$10.00,510 thread auto-draw Rythm battery with rainbow pattern. USB charging adapter included.
"
Batteries & Atomizers",Rythm Battery,Batteries & Atomizers,$10.00,"Auto draw, no button to press"
"
Dr. Solomon's",Dr. Solomon's 1:1 CBN:THC Capsules- 20pk,Capsules,$62.00,"A pack of 20 capsules containing: THC 6.4mg CBN 6.8mg, CBD 0.4mg, THCa 0.7mg, THCV 0.1mg, CBDV 0.1mg, CBG 1.0g, CBC 0.1mg."
"
Dr. Solomon's",Dr. Solomon's CBD:THC 10:1 Capsules- 20pk,Capsules,$62.00,"20 Capsules each containing: CBD 13mg, THC 1.3mg CBG 0.1mg, Terpineol 0.01%, Geraniol 0.02%, Neroidol 0.01%, aBisabolol 0.01%provide discreet delivery method and accurate dosing of premium cannabis."
"
Grassroots",Grassroots 1:1 CBD:THC 20mg (10pk) RSO Capsules ,Capsules,$35.00,ORIGINALLY PRICED AT $50!!!!A 10 pack of 10mg THC/10mg CBD capsules
"
Grassroots",Grassroots 4:1 THC:CBN 25mg (10pk) RSO Capsules ,Capsules,$45.00,10 pack of 4:1 THC:CBN RSO Capsules
"
Grassroots",Grassroots THC 100mg (10pk) RSO Capsules,Capsules,$100.00,""
"
Grassroots",Grassroots THC 10mg (30pk) RSO Capsules,Capsules,$55.00,A 30 pack of 10mg RSO capsules.
"
Grassroots",Grassroots THC 50mg (10pk) RSO Capsules,Capsules,$55.00,10 pack of 50mg RSO Capsules
